ID,Summary,Severity,CVSS_Score,CVE_Aliases,CWE_IDs,Ecosystem,Package_Name,Version_Introduced,Version_Fixed,Published,Modified
GHSA-232v-j27c-5pp6,REC in MCPJam inspector due to HTTP Endpoint exposes,CRITICAL,CVSS:3.1/AV:N/AC:L/PR:N/UI:N/S:U/C:H/I:H/A:H,CVE-2026-23744,CWE-306,npm,@mcpjam/inspector,0,1.4.3,2026-01-16T21:15:35Z,2026-01-16T21:57:08Z
GHSA-23f4-hfmq-94mj,Quick-Media Batik Codec FIX Package has Buffer Overflow Vulnerability in PNG Codec,MODERATE,CVSS:4.0/AV:N/AC:L/AT:N/PR:N/UI:P/VC:N/VI:L/VA:L/SC:N/SI:N/SA:N/S:N/AU:Y/R:U/V:C/RE:M/U:Amber,CVE-2026-24807,CWE-120; CWE-190,Maven,com.github.liuyueyi.media:batik-codec-fix,0,,2026-01-27T09:30:30Z,2026-01-28T15:58:39Z
GHSA-23hh-2f47-3p4h,MineAdmin has Incorrect Privilege Assignment,LOW,CVSS:3.1/AV:N/AC:L/PR:L/UI:N/S:U/C:L/I:L/A:L,CVE-2026-1193,CWE-266,Packagist,mineadmin/mineadmin,1.0.0,,2026-01-20T00:30:27Z,2026-02-05T22:00:27Z
GHSA-2497-gp99-2m74,Pterodactyl endlessly reprocesses/reuploads activity log data due to SQLite max parameters limit not being considered,HIGH,CVSS:3.1/AV:N/AC:L/PR:L/UI:N/S:U/C:N/I:N/A:H,CVE-2026-21696,CWE-400; CWE-770,Go,github.com/pterodactyl/wings,1.7.0,1.12.0,2026-01-20T16:30:54Z,2026-02-02T22:22:03Z
GHSA-253q-9q78-63x4,Clatter has a PSK Validity Rule Violation issue,HIGH,CVSS:4.0/AV:N/AC:L/AT:N/PR:N/UI:N/VC:H/VI:H/VA:N/SC:N/SI:N/SA:N/E:U,CVE-2026-24785,CWE-327,crates.io,clatter,0,2.2.0,2026-01-28T16:21:03Z,2026-01-28T16:21:03Z
GHSA-255j-qw47-wjh5,Craft CMS vulnerable to potential authenticated Remote Code Execution via malicious attached Behavior,HIGH,CVSS:4.0/AV:N/AC:L/AT:N/PR:H/UI:N/VC:H/VI:H/VA:H/SC:N/SI:N/SA:N,CVE-2025-68455,CWE-470,Packagist,craftcms/cms,5.0.0-RC1,5.8.21,2026-01-05T18:50:14Z,2026-01-06T15:52:18Z
GHSA-25mh-hp8x-cgrv,KubeVirt Guest Agent DoS via Excessive Network Interface Reports,MODERATE,CVSS:3.1/AV:N/AC:L/PR:L/UI:N/S:C/C:N/I:L/A:L,CVE-2025-14525,CWE-770,Go,kubevirt.io/kubevirt,0,,2026-01-26T21:30:36Z,2026-01-27T21:29:13Z
GHSA-2657-3c98-63jq,esm.sh has a path traversal in extractPackageTarball enables file writes from malicious packages,HIGH,CVSS:4.0/AV:N/AC:L/AT:N/PR:N/UI:N/VC:H/VI:N/VA:N/SC:N/SI:N/SA:N/E:P,CVE-2026-23644,CWE-22,Go,github.com/esm-dev/esm.sh,0.0.1,,2026-01-20T17:21:49Z,2026-02-27T22:06:18Z
GHSA-2733-6c58-pf27,deepHas vulnerable to Prototype Pollution via constructor.prototype,CRITICAL,CVSS:4.0/AV:L/AC:L/AT:N/PR:N/UI:N/VC:H/VI:H/VA:H/SC:H/SI:H/SA:H,CVE-2026-25047,CWE-1321,npm,deephas,0,1.0.8,2026-01-29T22:21:32Z,2026-02-27T20:45:38Z
GHSA-273p-m2cw-6833,Rekor's COSE v0.0.1 entry type nil pointer dereference in Canonicalize via empty Message,MODERATE,CVSS:3.1/AV:N/AC:L/PR:N/UI:N/S:U/C:N/I:N/A:L,CVE-2026-23831,CWE-476,Go,github.com/sigstore/rekor,0,1.5.0,2026-01-22T18:41:23Z,2026-01-23T15:46:17Z
GHSA-2762-657x-v979,AlchemyCMS: Authenticated Remote Code Execution (RCE) via eval injection in ResourcesHelper,MODERATE,CVSS:3.1/AV:L/AC:H/PR:H/UI:N/S:U/C:H/I:H/A:H,CVE-2026-23885,CWE-95,RubyGems,alchemy_cms,0,7.4.12,2026-01-21T01:04:32Z,2026-02-02T14:44:59Z
GHSA-2cp6-34r9-54xx,Maker.js has Unsafe Property Copying in makerjs.extendObject,MODERATE,CVSS:3.1/AV:N/AC:L/PR:N/UI:N/S:U/C:L/I:L/A:N,CVE-2026-24888,CWE-1321,npm,makerjs,0,0.19.2,2026-01-29T15:18:33Z,2026-01-29T15:18:33Z
GHSA-2g22-wg49-fgv5,XWiki Full Calendar Macro vulnerable to SQL injection through Calendar.JSONService,CRITICAL,CVSS:3.1/AV:N/AC:L/PR:N/UI:N/S:C/C:H/I:H/A:H,CVE-2025-65091,CWE-89,Maven,org.xwiki.contrib:macro-fullcalendar-pom,0,2.4.5,2026-01-09T18:41:47Z,2026-01-11T14:55:48Z
GHSA-2g59-m95p-pgfq,Chainlit contain a server-side request forgery (SSRF) vulnerability,HIGH,CVSS:3.1/AV:N/AC:L/PR:L/UI:N/S:C/C:H/I:N/A:N,CVE-2026-22219,CWE-918,PyPI,chainlit,0,2.9.4,2026-01-20T00:30:28Z,2026-02-02T22:22:24Z
GHSA-2g5g-hcgh-q3rp,DotNetNuke.Core Vulnerable to Stored XSS in Scheduler LogNotes,HIGH,CVSS:3.1/AV:N/AC:H/PR:H/UI:R/S:C/C:H/I:H/A:H,CVE-2026-24836,CWE-79,NuGet,DotNetNuke.Core,9.0.0,,2026-01-28T16:33:51Z,2026-01-28T16:33:51Z
GHSA-2gqc-6j2q-83qp,RustCrypto Utilities cmov: `thumbv6m-none-eabi` compiler emits non-constant time assembly when using `cmovnz`,HIGH,CVSS:4.0/AV:N/AC:H/AT:N/PR:N/UI:N/VC:H/VI:N/VA:N/SC:H/SI:N/SA:N,CVE-2026-23519,CWE-203; CWE-208,crates.io,cmov,0,0.4.4,2026-01-15T18:17:15Z,2026-01-23T21:46:10Z
GHSA-2mmv-7rrp-g8xh,Weblate command-line client susceptible to SSL verification skip,LOW,CVSS:3.1/AV:L/AC:H/PR:L/UI:R/S:C/C:L/I:N/A:N,CVE-2026-22250,CWE-295,PyPI,wlc,0,1.17.0,2026-01-12T16:13:33Z,2026-01-12T20:07:14Z
GHSA-2mq9-hm29-8qch,Label Studio is vulnerable to full account takeover by chaining Stored XSS + IDOR in User Profile via custom_hotkeys field,HIGH,CVSS:4.0/AV:N/AC:L/AT:N/PR:L/UI:N/VC:H/VI:H/VA:N/SC:N/SI:N/SA:N,CVE-2026-22033,CWE-285; CWE-79,PyPI,label-studio,0,,2026-01-12T16:12:50Z,2026-01-12T20:06:35Z
GHSA-2mwc-h2mg-v6p8,Bagisto has HTML Filter Bypass that Enables Stored XSS,MODERATE,CVSS:4.0/AV:N/AC:L/AT:N/PR:H/UI:N/VC:N/VI:N/VA:N/SC:H/SI:H/SA:N/E:P,CVE-2026-21451,CWE-79,Packagist,bagisto/bagisto,0,2.3.10,2026-01-02T21:16:23Z,2026-01-03T00:32:58Z
GHSA-2p49-45hj-7mc9,@backstage/cli-common has a possible `resolveSafeChildPath` Symlink Chain Bypass,MODERATE,CVSS:3.1/AV:N/AC:H/PR:L/UI:N/S:C/C:H/I:N/A:N,CVE-2026-24047,CWE-59; CWE-61,npm,@backstage/cli-common,0,0.1.17,2026-01-21T22:40:51Z,2026-01-22T15:41:11Z
GHSA-2pc9-4j83-qjmr,vLLM affected by RCE via auto_map dynamic module loading during model initialization,HIGH,CVSS:3.1/AV:N/AC:L/PR:N/UI:R/S:U/C:H/I:H/A:H,CVE-2026-22807,CWE-94,PyPI,vllm,0.10.1,0.14.0,2026-01-21T16:12:54Z,2026-01-22T15:38:33Z
GHSA-2phv-j68v-wwqx,pnpm vulnerable to Command Injection via environment variable substitution,HIGH,CVSS:3.1/AV:L/AC:H/PR:H/UI:N/S:C/C:H/I:H/A:H,CVE-2025-69262,CWE-78; CWE-94,npm,pnpm,6.25.0,10.27.0,2026-01-07T18:51:07Z,2026-01-08T20:07:34Z
GHSA-2q4j-m29v-hq73,pypdf has possible Infinite Loop when processing outlines/bookmarks,MODERATE,CVSS:4.0/AV:L/AC:L/AT:N/PR:N/UI:N/VC:N/VI:N/VA:L/SC:N/SI:N/SA:N,CVE-2026-24688,CWE-835,PyPI,pypdf,0,6.6.2,2026-01-26T23:37:57Z,2026-01-29T03:39:52Z
GHSA-2vgv-hgv4-22mh,Gitea improperly exposes issue and pull request titles,LOW,CVSS:4.0/AV:N/AC:L/AT:P/PR:L/UI:N/VC:L/VI:N/VA:N/SC:N/SI:N/SA:N,CVE-2026-20800,CWE-200,Go,github.com/go-gitea/gitea,0,1.25.4,2026-01-23T00:31:16Z,2026-01-23T20:11:50Z
GHSA-2w69-qvjg-hvjx,React Router vulnerable to XSS via Open Redirects,HIGH,CVSS:3.1/AV:N/AC:H/PR:N/UI:R/S:C/C:H/I:H/A:N,CVE-2026-22029,CWE-79,npm,react-router,7.0.0,7.12.0,2026-01-08T20:54:18Z,2026-01-11T14:54:13Z
GHSA-333v-68xh-8mmq,RustFS's RPC signature verification logs shared secret,LOW,CVSS:4.0/AV:N/AC:L/AT:P/PR:N/UI:N/VC:L/VI:N/VA:N/SC:N/SI:N/SA:N/E:P,CVE-2026-22782,CWE-532,crates.io,rustfs,1.0.0-alpha.1,1.0.0-alpha.80,2026-01-16T15:48:58Z,2026-01-16T19:10:59Z
GHSA-339m-4qw5-j2g3,Tendenci Affected by Authenticated Remote Code Execution via Pickle Deserialization,MODERATE,CVSS:3.1/AV:N/AC:L/PR:H/UI:R/S:U/C:H/I:H/A:H,CVE-2026-23946,CWE-502; CWE-94,PyPI,tendenci,0,15.3.12,2026-01-21T16:38:15Z,2026-01-22T15:43:00Z
GHSA-33hj-rcmx-86mv,Undertow Servlets Vulnerable to Remote DoS via OutOfMemoryError when Passed Large Parameter Names,HIGH,CVSS:3.1/AV:N/AC:L/PR:N/UI:N/S:U/C:N/I:N/A:H,CVE-2024-4027,CWE-770,Maven,io.undertow:undertow-core,0,2.2.39.Final,2026-01-30T15:31:14Z,2026-02-25T20:20:29Z
GHSA-34wm-4hw7-qfjv,Feast vulnerable to Deserialization of Untrusted Data,HIGH,CVSS:3.0/AV:L/AC:L/PR:L/UI:N/S:U/C:H/I:H/A:H,CVE-2025-11157,CWE-502,PyPI,feast,0,0.54.0,2026-01-01T09:30:14Z,2026-01-02T15:54:13Z
GHSA-34x7-hfp2-rc4v,node-tar Vulnerable to Arbitrary File Creation/Overwrite via Hardlink Path Traversal,HIGH,CVSS:3.1/AV:N/AC:L/PR:N/UI:R/S:C/C:H/I:L/A:N,CVE-2026-24842,CWE-22; CWE-59,npm,tar,0,7.5.7,2026-01-28T16:35:31Z,2026-01-28T16:35:31Z
GHSA-3558-j79f-vvm6,Gin-vue-admin has arbitrary file upload vulnerability caused by path traversal,HIGH,CVSS:4.0/AV:N/AC:L/AT:N/PR:H/UI:N/VC:H/VI:H/VA:H/SC:N/SI:N/SA:N/E:P,CVE-2026-22786,CWE-22; CWE-434,Go,github.com/flipped-aurora/gin-vue-admin,0,,2026-01-13T19:15:13Z,2026-01-13T19:15:13Z
GHSA-3573-4c68-g8cc,Directus has open redirect in SAML,MODERATE,CVSS:3.1/AV:N/AC:L/PR:N/UI:R/S:U/C:N/I:L/A:N,CVE-2026-22032,CWE-601,npm,directus,0,11.14.0,2026-01-06T19:22:38Z,2026-01-08T21:19:04Z
GHSA-36h5-vrq6-pp34,Jervis's Salt for PBKDF2 derived from password,HIGH,CVSS:3.1/AV:N/AC:L/PR:N/UI:N/S:U/C:H/I:N/A:N,CVE-2025-68703,CWE-326,Maven,net.gleske:jervis,0,2.2,2026-01-13T14:53:50Z,2026-01-21T16:23:01Z
GHSA-36hm-qxxp-pg3m,Preact has JSON VNode Injection issue,HIGH,CVSS:4.0/AV:N/AC:L/AT:P/PR:N/UI:N/VC:H/VI:H/VA:H/SC:N/SI:N/SA:N/E:U,CVE-2026-22028,CWE-843,npm,preact,10.26.5,10.26.10,2026-01-07T19:28:15Z,2026-01-08T21:19:13Z
GHSA-36j9-mx87-2cff,Renovate vulnerable to arbitrary command injection via hermit manager and maliciously named dependencies,MODERATE,CVSS:3.1/AV:L/AC:L/PR:H/UI:N/S:U/C:H/I:H/A:H,,CWE-77,npm,renovate,32.135.0,40.33.0,2026-01-13T20:28:41Z,2026-01-13T20:28:41Z
GHSA-36p8-mvp6-cv38,Wrangler affected by OS Command Injection in `wrangler pages deploy`,HIGH,CVSS:4.0/AV:N/AC:L/AT:P/PR:L/UI:N/VC:H/VI:H/VA:H/SC:L/SI:L/SA:N,CVE-2026-0933,CWE-78,npm,wrangler,2.0.15,3.114.17,2026-01-21T23:00:35Z,2026-01-21T23:00:35Z
GHSA-379q-355j-w6rj,"pnpm v10+ Bypass ""Dependency lifecycle scripts execution disabled by default""",HIGH,CVSS:3.1/AV:N/AC:L/PR:N/UI:R/S:U/C:H/I:H/A:H,CVE-2025-69264,CWE-693,npm,pnpm,10.0.0,10.26.0,2026-01-07T19:07:43Z,2026-01-08T20:05:37Z
GHSA-37qj-frw5-hhjh,fast-xml-parser has RangeError DoS Numeric Entities Bug,HIGH,CVSS:3.1/AV:N/AC:L/PR:N/UI:N/S:U/C:N/I:N/A:H,CVE-2026-25128,CWE-20; CWE-248,npm,fast-xml-parser,5.0.9,5.3.4,2026-01-30T20:10:14Z,2026-02-11T23:13:02Z
GHSA-38cw-85xc-xr9x,Veramo is Vulnerable to SQL Injection in Veramo Data Store ORM,MODERATE,CVSS:3.1/AV:N/AC:L/PR:H/UI:N/S:C/C:H/I:N/A:N,,CWE-89,npm,@veramo/data-store,0,6.0.2,2026-01-16T21:04:12Z,2026-01-16T21:04:12Z
GHSA-38jv-5279-wg99,Decompression-bomb safeguards bypassed when following HTTP redirects (streaming API),HIGH,CVSS:3.1/AV:N/AC:L/PR:N/UI:N/S:U/C:N/I:N/A:H,CVE-2026-21441,CWE-409,PyPI,urllib3,1.22,2.6.3,2026-01-07T19:18:14Z,2026-01-23T16:05:21Z
GHSA-38vq-g6vr-w8wf,Sentencepiece has a a heap overflow issue,HIGH,CVSS:4.0/AV:L/AC:L/AT:N/PR:N/UI:P/VC:H/VI:H/VA:H/SC:N/SI:N/SA:N,CVE-2026-1260,CWE-119,PyPI,sentencepiece,0,0.2.1,2026-01-22T18:30:39Z,2026-01-22T20:28:39Z
GHSA-393c-qgvj-3xph,Gitea does not properly validate repository ownership when deleting Git LFS locks,MODERATE,CVSS:4.0/AV:N/AC:L/AT:N/PR:L/UI:N/VC:N/VI:N/VA:L/SC:N/SI:N/SA:N,CVE-2026-20897,CWE-284,Go,github.com/go-gitea/gitea,0,1.25.4,2026-01-23T00:31:16Z,2026-01-23T20:14:46Z
GHSA-3966-f6p6-2qr9,Duplicate Advisory: npm cli Uncontrolled Search Path Element Local Privilege Escalation Vulnerability,HIGH,CVSS:3.0/AV:L/AC:H/PR:L/UI:N/S:U/C:H/I:H/A:H,CVE-2026-0775,CWE-732,npm,npm,0,,2026-01-23T06:31:24Z,2026-02-06T22:28:42Z
GHSA-39h3-g67r-7g3c,ImageMagick releases an invalid pointer in BilateralBlur when memory allocation fails,MODERATE,CVSS:3.1/AV:N/AC:H/PR:N/UI:N/S:U/C:N/I:L/A:H,CVE-2026-22770,CWE-763,NuGet,Magick.NET-Q8-x64,0,14.10.2,2026-01-20T17:25:31Z,2026-01-20T17:25:31Z
GHSA-3cgp-3xvw-98x8,React Router has XSS Vulnerability,HIGH,CVSS:3.1/AV:N/AC:L/PR:L/UI:R/S:C/C:H/I:L/A:N,CVE-2025-59057,CWE-79,npm,react-router,7.0.0,7.9.0,2026-01-08T20:42:20Z,2026-01-11T14:53:48Z
GHSA-3f44-xw83-3pmg,Renovate vulnerable to arbitrary command injection via helmv3 manager and malicious Chart.yaml file,MODERATE,CVSS:3.1/AV:L/AC:L/PR:H/UI:N/S:U/C:H/I:H/A:H,,CWE-77,npm,renovate,31.51.0,40.33.0,2026-01-13T20:29:12Z,2026-01-13T20:29:12Z
GHSA-3fm2-xfq7-7778,HAXcms Has Stored XSS Vulnerability that May Lead to Account Takeover,HIGH,CVSS:3.1/AV:N/AC:H/PR:L/UI:R/S:C/C:H/I:H/A:H,CVE-2026-22704,CWE-79,npm,@haxtheweb/haxcms-nodejs,11.0.6,25.0.0,2026-01-13T15:07:57Z,2026-01-13T15:09:35Z
GHSA-3g2f-4rjg-9385,Weblate leaks information via screenshots,LOW,CVSS:4.0/AV:N/AC:H/AT:N/PR:L/UI:N/VC:L/VI:N/VA:N/SC:L/SI:N/SA:N,CVE-2026-21889,CWE-284,PyPI,weblate,0,5.15.2,2026-01-14T16:45:07Z,2026-01-14T19:50:09Z
GHSA-3ghg-3787-w2xr,Spree API has Unauthenticated IDOR - Guest Address,HIGH,CVSS:3.1/AV:N/AC:L/PR:N/UI:N/S:U/C:H/I:N/A:N,CVE-2026-22589,CWE-639,RubyGems,spree_core,4.0.0,4.10.2,2026-01-08T21:28:04Z,2026-01-11T14:56:25Z
GHSA-3hmw-8mw3-rmpj,NocoDB has Unvalidated Redirect in Login Flow via continueAfterSignIn Parameter,MODERATE,CVSS:4.0/AV:N/AC:L/AT:N/PR:L/UI:N/VC:N/VI:H/VA:N/SC:N/SI:N/SA:N/E:P,CVE-2026-24768,CWE-601,npm,nocodb,0,0.301.0,2026-01-28T21:41:10Z,2026-01-28T21:41:10Z
GHSA-3j22-8qj3-26mx,Seroval affected by Denial of Service via Deeply Nested Objects,HIGH,CVSS:3.1/AV:N/AC:L/PR:N/UI:N/S:U/C:N/I:N/A:H,CVE-2026-24006,CWE-770,npm,seroval,0,1.4.1,2026-01-22T18:02:22Z,2026-01-22T18:02:22Z
GHSA-3jqf-v4mv-747g,Moonraker affected by LDAP search filter injection,LOW,CVSS:4.0/AV:N/AC:L/AT:N/PR:N/UI:N/VC:L/VI:N/VA:N/SC:N/SI:N/SA:N/E:U,CVE-2026-24130,CWE-90,PyPI,moonraker,0,0.10.0,2026-01-22T18:06:54Z,2026-01-23T15:49:23Z
GHSA-3pqc-836w-jgr7,Outray cli is vulnerable to race conditions in tunnels creation,MODERATE,CVSS:3.1/AV:N/AC:H/PR:N/UI:N/S:U/C:N/I:L/A:N,CVE-2026-22820,CWE-367,npm,outray,0,0.1.5,2026-01-13T21:53:44Z,2026-01-21T16:17:07Z
GHSA-3qmm-r55x-hpxx,Apache Airflow secrets in rendered templates could contain parts of sensitive values when truncated,HIGH,CVSS:3.1/AV:N/AC:L/PR:N/UI:N/S:U/C:H/I:N/A:N,CVE-2025-68438,CWE-200,PyPI,apache-airflow,3.1.0,3.1.6,2026-01-16T12:30:25Z,2026-01-16T20:59:54Z
GHSA-3rxj-6cgf-8cfw,seroval Affected by Remote Code Execution via JSON Deserialization,HIGH,CVSS:3.1/AV:N/AC:H/PR:L/UI:N/S:U/C:H/I:H/A:H,CVE-2026-23737,CWE-502,npm,seroval,0,1.4.1,2026-01-21T15:41:22Z,2026-01-22T15:39:49Z
GHSA-3v2x-9xcv-2v2v,SurrealDB Affected by Confused Deputy Privilege Escalation through Future Fields and Functions,HIGH,CVSS:4.0/AV:N/AC:L/AT:P/PR:L/UI:P/VC:H/VI:H/VA:H/SC:N/SI:N/SA:N,,CWE-441,crates.io,surrealdb,0,2.5.0,2026-01-22T18:06:15Z,2026-01-29T03:45:36Z
GHSA-3vhc-576x-3qv4,"Hono JWK Auth Middleware has JWT algorithm confusion when JWK lacks ""alg"" (untrusted header.alg fallback)",HIGH,CVSS:3.1/AV:N/AC:L/PR:N/UI:N/S:U/C:L/I:H/A:N,CVE-2026-22818,CWE-347,npm,hono,0,4.11.4,2026-01-13T21:52:03Z,2026-01-13T21:52:03Z
GHSA-43mm-m3h2-3prc,File Browser Vulnerable to Username Enumeration via Timing Attack in /api/login,MODERATE,CVSS:3.1/AV:N/AC:L/PR:N/UI:N/S:U/C:L/I:N/A:N,CVE-2026-23849,CWE-203; CWE-208,Go,github.com/filebrowser/filebrowser,0,,2026-01-21T01:02:17Z,2026-01-21T01:02:17Z
GHSA-43rr-x62x-q96w,MineAdmin improperly refreshes tokens,LOW,CVSS:3.1/AV:N/AC:H/PR:L/UI:N/S:U/C:L/I:L/A:L,CVE-2026-1195,CWE-345,Packagist,mineadmin/mineadmin,1.0.0,,2026-01-20T03:30:28Z,2026-02-05T21:45:16Z
GHSA-444m-px7r-qpvv,weixin4j has Improperly Controlled Sequential Memory Allocation ,MODERATE,CVSS:4.0/AV:N/AC:L/AT:P/PR:N/UI:N/VC:L/VI:N/VA:N/SC:L/SI:N/SA:N/AU:Y/R:A/V:D/RE:M/U:Amber,CVE-2026-24819,CWE-1325,Maven,com.foxinmy:weixin4j-base,0,,2026-01-27T09:30:30Z,2026-01-28T16:01:17Z
GHSA-4486-gxhx-5mg7,PsySH has Local Privilege Escalation via CWD .psysh.php auto-load,MODERATE,CVSS:3.1/AV:L/AC:H/PR:L/UI:R/S:U/C:H/I:H/A:H,CVE-2026-25129,CWE-427,Packagist,psy/psysh,0.12.0,0.12.19,2026-01-30T21:28:44Z,2026-01-31T03:54:31Z
GHSA-44jg-mv3h-wj6g,solspace/craft-freeform Vulnerable to XSS in `PhpSpreadsheet` HTML Writer Due to Unsanitized Styling Data,LOW,CVSS:4.0/AV:N/AC:L/AT:N/PR:L/UI:A/VC:N/VI:N/VA:N/SC:L/SI:L/SA:N/E:P,,CWE-79,Packagist,solspace/craft-freeform,0,4.1.23,2026-01-15T22:40:42Z,2026-01-15T22:40:42Z
GHSA-45hj-9x76-wp9g,Outray has a Race Condition in the cli's webapp,MODERATE,CVSS:3.1/AV:N/AC:H/PR:L/UI:N/S:U/C:N/I:L/A:H,CVE-2026-22819,CWE-366,npm,outray,0,0.1.5,2026-01-13T21:53:30Z,2026-01-14T19:50:51Z
GHSA-4c4x-jm2x-pf9j,Rekor affected by Server-Side Request Forgery (SSRF) via provided public key URL,MODERATE,CVSS:3.1/AV:N/AC:L/PR:N/UI:N/S:U/C:L/I:N/A:N,CVE-2026-24117,CWE-918,Go,github.com/sigstore/rekor,0,1.5.0,2026-01-22T18:41:26Z,2026-01-23T15:49:13Z
GHSA-4c5f-9mj4-m247,flagd: Multiple Go Runtime CVEs Impact Security and Availability,HIGH,,,CWE-20; CWE-362; CWE-400; CWE-407; CWE-444; CWE-770,Go,github.com/open-feature/flagd/core,0,0.13.1,2026-01-05T15:07:05Z,2026-01-05T15:07:46Z
GHSA-4f6g-68pf-7vhv,pypdf has possible long runtimes for malformed startxref,LOW,CVSS:4.0/AV:N/AC:L/AT:N/PR:N/UI:N/VC:N/VI:N/VA:L/SC:N/SI:N/SA:N/E:U,CVE-2026-22691,CWE-1333; CWE-400,PyPI,pypdf,0,6.6.0,2026-01-09T19:48:57Z,2026-01-11T14:53:40Z
GHSA-4fqp-r85r-hxqh,Copier safe template has arbitrary filesystem write access via directory symlinks when _preserve_symlinks: true ,MODERATE,CVSS:3.1/AV:L/AC:L/PR:N/UI:R/S:U/C:N/I:H/A:H,CVE-2026-23986,CWE-61,PyPI,copier,0,9.11.2,2026-01-21T22:19:29Z,2026-02-02T16:33:53Z
GHSA-4gpc-rhpj-9443,Lobe Chat affected by Cross-Site Scripting(XSS) that can escalate to Remote Code Execution(RCE),CRITICAL,CVSS:3.1/AV:N/AC:L/PR:N/UI:R/S:C/C:H/I:H/A:H,CVE-2026-23733,CWE-94,npm,@lobehub/chat,0,,2026-01-20T17:54:49Z,2026-02-05T13:40:47Z
GHSA-4h3h-63v6-88qx,ESPHome vulnerable to denial-of-service via out-of-bounds check bypass in the API component,MODERATE,CVSS:4.0/AV:A/AC:L/AT:N/PR:H/UI:N/VC:N/VI:N/VA:H/SC:N/SI:N/SA:N,CVE-2026-23833,CWE-190,PyPI,esphome,2025.9.0,2025.12.7,2026-01-21T01:02:49Z,2026-01-21T01:02:49Z
GHSA-4j78-4xrm-cr2f,Kirby is missing permission checks in the content changes API,MODERATE,CVSS:4.0/AV:N/AC:L/AT:P/PR:L/UI:A/VC:N/VI:H/VA:L/SC:N/SI:N/SA:N,CVE-2026-21896,CWE-863,Packagist,getkirby/cms,5.0.0,5.2.2,2026-01-08T20:32:05Z,2026-01-08T20:32:05Z
GHSA-4jrw-64vr-7g8m,Apache Camel camel-neo4j component is vulnerable to cypher injection,MODERATE,CVSS:4.0/AV:N/AC:L/AT:N/PR:N/UI:N/VC:N/VI:L/VA:N/SC:N/SI:N/SA:N,CVE-2025-66169,CWE-74; CWE-89; CWE-943,Maven,org.apache.camel:camel-neo4j,4.10.0,4.10.8,2026-01-14T12:31:38Z,2026-01-15T22:33:18Z
GHSA-4r5r-ccr6-q6f6,Fleet has an Access Control vulnerability in debug/pprof endpoints,HIGH,CVSS:4.0/AV:N/AC:L/AT:N/PR:L/UI:N/VC:L/VI:N/VA:H/SC:N/SI:N/SA:N,CVE-2026-23517,CWE-862; CWE-863,Go,github.com/fleetdm/fleet,4.78.0,4.78.3,2026-01-20T20:55:14Z,2026-02-27T22:03:20Z
GHSA-4wg4-p27p-5q2r,"Pimcore Web2Print Tools Bundle ""Favourite Output Channel Configuration"" Missing Function Level Authorization",MODERATE,CVSS:3.1/AV:N/AC:L/PR:L/UI:N/S:U/C:L/I:L/A:N,CVE-2026-23496,CWE-284,Packagist,pimcore/web2print-tools-bundle,6.0.0-RC1,6.1.1,2026-01-15T18:14:17Z,2026-01-15T20:18:09Z
GHSA-4xc4-762w-m6cg,pypdf has possible long runtimes for missing /Root object with large /Size values,LOW,CVSS:4.0/AV:N/AC:L/AT:N/PR:N/UI:N/VC:N/VI:N/VA:L/SC:N/SI:N/SA:N/E:U,CVE-2026-22690,CWE-400,PyPI,pypdf,0,6.6.0,2026-01-09T19:48:22Z,2026-01-11T14:53:34Z
GHSA-4xc5-wfwc-jw47,Typebot affected by Credential Theft via Client-Side Script Execution and API Authorization Bypass,HIGH,CVSS:3.1/AV:N/AC:L/PR:N/UI:R/S:C/C:H/I:N/A:N,CVE-2025-65098,CWE-79,npm,@typebot.io/js,0,0.9.15,2026-01-22T18:02:12Z,2026-01-22T18:02:12Z
GHSA-4xh5-jcj2-ch8q,Flux Operator Web UI Impersonation Bypass via Empty OIDC Claims,MODERATE,CVSS:3.1/AV:N/AC:H/PR:L/UI:N/S:U/C:H/I:N/A:N,CVE-2026-23990,CWE-269; CWE-862,Go,github.com/controlplaneio-fluxcd/flux-operator,0.36.0,0.40.0,2026-01-21T22:23:33Z,2026-01-22T15:40:22Z
GHSA-4xx9-vc8v-87hv,Gitea does not properly validate repository ownership when linking attachments to releases,MODERATE,CVSS:4.0/AV:N/AC:L/AT:N/PR:L/UI:P/VC:L/VI:N/VA:N/SC:N/SI:N/SA:N,CVE-2026-20912,CWE-284,Go,github.com/go-gitea/gitea,0,1.25.4,2026-01-23T00:31:17Z,2026-01-23T20:14:52Z
GHSA-524m-q5m7-79mm,Mailpit is vulnerable to Cross-Site WebSocket Hijacking (CSWSH) allowing unauthenticated access to emails,MODERATE,CVSS:3.1/AV:N/AC:L/PR:N/UI:R/S:U/C:H/I:N/A:N,CVE-2026-22689,CWE-1385,Go,github.com/axllent/mailpit,1.2.6,1.28.2,2026-01-13T15:11:42Z,2026-01-13T15:11:42Z
GHSA-527x-5wrf-22m2,"CoreDNS gRPC/HTTPS/HTTP3 servers lack resource limits, enabling DoS via unbounded connections and oversized messages",MODERATE,CVSS:4.0/AV:N/AC:L/AT:N/PR:N/UI:N/VC:N/VI:N/VA:H/SC:N/SI:N/SA:N/E:U,CVE-2025-68151,CWE-770,Go,github.com/coredns/coredns,0,1.14.0,2026-01-08T20:12:58Z,2026-01-08T20:12:58Z
GHSA-5379-f5hf-w38v,Deno node:crypto doesn't finalize cipher,CRITICAL,CVSS:4.0/AV:N/AC:L/AT:N/PR:N/UI:N/VC:H/VI:N/VA:N/SC:H/SI:N/SA:N,CVE-2026-22863,CWE-325,crates.io,deno,0,2.6.0,2026-01-16T15:49:35Z,2026-01-16T15:49:35Z
GHSA-53vf-c43h-j2x9,Craft CMS vulnerable to potential information disclosure via unchecked asset relocation,MODERATE,CVSS:4.0/AV:N/AC:L/AT:N/PR:L/UI:N/VC:H/VI:N/VA:N/SC:N/SI:N/SA:N/E:U,CVE-2025-68436,CWE-200,Packagist,craftcms/cms,5.0.0-RC1,5.8.21,2026-01-05T17:42:31Z,2026-01-06T15:52:07Z
GHSA-53wg-r69p-v3r7,GraphQL Modules has a Race Condition issue,HIGH,CVSS:4.0/AV:N/AC:L/AT:N/PR:N/UI:N/VC:N/VI:H/VA:N/SC:N/SI:N/SA:N,CVE-2026-23735,CWE-362,npm,graphql-modules,2.2.1,2.4.1,2026-01-16T21:09:08Z,2026-01-21T16:20:01Z
GHSA-54jq-c3m8-4m76,AIOHTTP vulnerable to brute-force leak of internal static ﬁle path components,LOW,CVSS:4.0/AV:N/AC:L/AT:N/PR:N/UI:N/VC:L/VI:N/VA:N/SC:N/SI:N/SA:N/E:U,CVE-2025-69226,CWE-202; CWE-22,PyPI,aiohttp,0,3.13.3,2026-01-05T23:09:51Z,2026-01-06T16:06:47Z
GHSA-54m3-5fxr-2f3j,Salvo is vulnerable to stored XSS in the list_html function by uploading files with malicious names,HIGH,CVSS:3.1/AV:N/AC:L/PR:N/UI:R/S:C/C:H/I:L/A:L,CVE-2026-22257,CWE-79,crates.io,salvo,0,0.88.1,2026-01-08T21:16:41Z,2026-01-08T21:37:13Z
GHSA-54v4-4685-vwrj,alextselegidis/easyappointments is Vulnerable to CSRF Protection Bypass,HIGH,CVSS:4.0/AV:N/AC:L/AT:N/PR:N/UI:P/VC:H/VI:H/VA:H/SC:N/SI:N/SA:N/E:P,CVE-2026-23622,CWE-352,Packagist,alextselegidis/easyappointments,0,,2026-01-15T20:11:23Z,2026-01-15T22:34:15Z
GHSA-54wq-72mp-cq7c,Mailpit has an SMTP Header Injection via Regex Bypass,MODERATE,CVSS:3.1/AV:N/AC:L/PR:N/UI:N/S:U/C:N/I:L/A:N,CVE-2026-23829,CWE-150; CWE-93,Go,github.com/axllent/mailpit,0,1.28.3,2026-01-20T17:54:55Z,2026-02-02T14:50:34Z
GHSA-562r-8445-54r2,ComfyUI-Manager is Vulnerable to CRLF Injection in Configuration Handler,HIGH,CVSS:3.1/AV:N/AC:L/PR:N/UI:N/S:U/C:N/I:H/A:N,CVE-2026-22777,CWE-93,PyPI,comfy-cli,4.0.0,4.0.5,2026-01-13T19:02:52Z,2026-01-13T19:02:52Z
GHSA-585q-cm62-757j,mnl has segmentation fault and invalid memory read in `mnl::cb_run`,LOW,CVSS:4.0/AV:L/AC:L/AT:N/PR:N/UI:N/VC:N/VI:N/VA:L/SC:N/SI:N/SA:N/E:P,,CWE-125,crates.io,mnl,0,0.3.1,2026-01-09T19:53:23Z,2026-02-10T16:05:51Z
GHSA-5882-5rx9-xgxp,Crawl4AI is Vulnerable to Remote Code Execution in Docker API via Hooks Parameter,CRITICAL,CVSS:4.0/AV:N/AC:L/AT:N/PR:N/UI:N/VC:H/VI:H/VA:H/SC:H/SI:H/SA:H,CVE-2026-26216,CWE-94,PyPI,Crawl4AI,0,0.8.0,2026-01-16T20:59:16Z,2026-02-12T20:09:29Z
GHSA-58pv-8j8x-9vj2,jaraco.context Has a Path Traversal Vulnerability,HIGH,CVSS:3.1/AV:N/AC:L/PR:N/UI:N/S:C/C:H/I:N/A:N,CVE-2026-23949,CWE-22,PyPI,jaraco.context,5.2.0,6.1.0,2026-01-13T21:48:17Z,2026-01-22T22:25:55Z
GHSA-58q2-9x27-h2jm,solspace/craft-freeform Has a DoS Vulnerability,LOW,CVSS:4.0/AV:N/AC:L/AT:N/PR:N/UI:N/VC:N/VI:N/VA:L/SC:N/SI:N/SA:N/E:U,,CWE-770,Packagist,solspace/craft-freeform,0,4.1.30,2026-01-15T20:12:25Z,2026-01-15T22:31:35Z
GHSA-594w-2fwp-jwrc,Keycloak Admin REST API exposes backend schema and rules,LOW,CVSS:3.1/AV:N/AC:L/PR:H/UI:N/S:U/C:L/I:N/A:N,CVE-2025-14083,CWE-284,Maven,org.keycloak:keycloak-services,0,,2026-01-21T15:31:16Z,2026-01-21T22:55:20Z
GHSA-595p-g7xc-c333,Algolia Search & Discovery for Magento 2 Has Untrusted Data Handling,MODERATE,CVSS:4.0/AV:N/AC:L/AT:N/PR:N/UI:N/VC:N/VI:L/VA:N/SC:N/SI:N/SA:N,,CWE-74,Packagist,algolia/algoliasearch-magento-2,3.17.0-beta.1,3.17.2,2026-01-14T21:46:11Z,2026-01-14T21:46:11Z
GHSA-597g-3phw-6986,virtualenv Has TOCTOU Vulnerabilities in Directory Creation,MODERATE,CVSS:3.1/AV:L/AC:H/PR:L/UI:N/S:U/C:L/I:L/A:L,CVE-2026-22702,CWE-362; CWE-59,PyPI,virtualenv,0,20.36.1,2026-01-13T18:45:57Z,2026-01-13T18:45:57Z
GHSA-59jp-pj84-45mr,Fulcio is vulnerable to Server-Side Request Forgery (SSRF) via MetaIssuer Regex Bypass,MODERATE,CVSS:3.1/AV:N/AC:L/PR:N/UI:N/S:C/C:L/I:N/A:N,CVE-2026-22772,CWE-918,Go,github.com/sigstore/fulcio,0,1.8.5,2026-01-13T18:47:57Z,2026-01-13T18:47:57Z
GHSA-5f29-2333-h9c7,OpenMetadata's Server-Side Template Injection (SSTI) in FreeMarker email templates leads to RCE,HIGH,CVSS:3.1/AV:N/AC:L/PR:H/UI:N/S:C/C:H/I:H/A:H,CVE-2026-22244,CWE-1336,Maven,org.open-metadata:platform,0,1.11.4,2026-01-07T19:33:03Z,2026-01-20T18:02:42Z
GHSA-5f7q-jpqc-wp7h,Next.js has Unbounded Memory Consumption via PPR Resume Endpoint ,MODERATE,CVSS:3.1/AV:N/AC:H/PR:N/UI:N/S:U/C:N/I:N/A:H,CVE-2025-59472,CWE-400; CWE-409; CWE-770,npm,next,16.0.0-beta.0,16.1.5,2026-01-28T15:20:55Z,2026-02-05T17:17:16Z
GHSA-5fp7-g646-ccf4,Ghost has Staff 2FA bypass,HIGH,CVSS:3.1/AV:N/AC:L/PR:L/UI:N/S:U/C:H/I:H/A:N,CVE-2026-22594,CWE-287,npm,ghost,6.0.0,6.11.0,2026-01-08T21:29:47Z,2026-01-11T14:54:23Z
GHSA-5hvc-6wx8-mvv4,Fickling vulnerable to use of ctypes and pydoc gadget chain to bypass detection,HIGH,CVSS:4.0/AV:N/AC:L/AT:N/PR:N/UI:N/VC:H/VI:H/VA:H/SC:N/SI:N/SA:N/E:P,CVE-2026-22608,CWE-184; CWE-502,PyPI,fickling,0,0.1.7,2026-01-09T21:05:13Z,2026-01-11T14:55:08Z
GHSA-5j4h-4f72-qpm6,Bagisto has Normal & Blind SSTI from low-privilege user when ordering product,HIGH,CVSS:3.1/AV:N/AC:L/PR:N/UI:N/S:U/C:H/I:H/A:H,CVE-2026-21448,CWE-1336,Packagist,bagisto/bagisto,0,2.3.10,2026-01-02T22:13:40Z,2026-01-08T21:35:56Z
GHSA-5j7q-wmh7-cqhg,TYPO3 CMS Allows Broken Access Control in Edit Document Controller,MODERATE,CVSS:4.0/AV:N/AC:L/AT:N/PR:L/UI:N/VC:N/VI:L/VA:N/SC:L/SI:L/SA:L,CVE-2025-59020,CWE-863,Packagist,typo3/cms-backend,14.0.0,14.0.2,2026-01-13T20:37:30Z,2026-01-13T20:37:30Z
GHSA-5pq9-5mpr-jj85,Jervis Has a JWT Algorithm Confusion Vulnerability,MODERATE,CVSS:3.1/AV:N/AC:L/PR:N/UI:N/S:U/C:N/I:L/A:N,CVE-2025-68925,CWE-347,Maven,net.gleske:jervis,0,2.2,2026-01-13T14:56:04Z,2026-01-21T16:23:33Z
GHSA-5pr6-crvp-2j9f,Open Chinese Convert has Out-of-bounds Write,LOW,CVSS:3.1/AV:L/AC:L/PR:L/UI:N/S:U/C:L/I:L/A:L,CVE-2025-15536,CWE-119; CWE-787,npm,opencc,0,1.2.0,2026-01-18T09:30:27Z,2026-02-06T22:32:12Z
GHSA-5qw5-wf2q-f538,ActiveRecord-JDBC-Adapter (AR-JDBC) lib/arjdbc/jdbc/adapter.rb sql.gsub() Function SQL Injection,HIGH,CVSS:4.0/AV:N/AC:L/AT:N/PR:N/UI:N/VC:H/VI:H/VA:N/SC:N/SI:N/SA:N/E:P,,CWE-89,RubyGems,activerecord-jdbc-adapter,0,1.2.8,2026-01-16T19:20:40Z,2026-01-21T16:35:36Z
GHSA-5r2g-vphf-m5xc,Apache StreamPipes has Improper Privilege Management issue,MODERATE,CVSS:4.0/AV:N/AC:L/AT:N/PR:L/UI:N/VC:N/VI:H/VA:N/SC:N/SI:N/SA:N/E:U,CVE-2025-47411,CWE-269,Maven,org.apache.streampipes:streampipes-parent,0.69.0,0.98.0,2026-01-01T18:30:27Z,2026-01-02T16:29:40Z
GHSA-5rfx-cp42-p624,Quarkus REST has potential worker thread starvation when HTTP connection is closed while waiting to write,MODERATE,CVSS:3.1/AV:N/AC:H/PR:N/UI:N/S:U/C:N/I:N/A:H,CVE-2025-66560,CWE-770,Maven,io.quarkus:quarkus-rest,0,3.20.5,2026-01-07T18:09:56Z,2026-01-07T20:37:40Z
GHSA-5vx3-wx4q-6cj8,ImageMagick has a NULL pointer dereference in MSL parser via <comment> tag before image load,MODERATE,CVSS:3.1/AV:N/AC:L/PR:L/UI:N/S:U/C:N/I:N/A:H,CVE-2026-23952,CWE-476,NuGet,Magick.NET-Q8-x64,0,14.10.2,2026-01-21T01:06:51Z,2026-01-21T01:06:51Z
GHSA-5w5r-mf82-595p,Cap'n Proto has Undefined Behavior in constant::Reader and StructSchema,CRITICAL,CVSS:4.0/AV:N/AC:L/AT:N/PR:N/UI:N/VC:H/VI:H/VA:H/SC:N/SI:N/SA:N,,CWE-758,crates.io,capnp,0,0.24.0,2026-01-28T16:06:09Z,2026-01-28T16:06:09Z
GHSA-5x2r-hc65-25f9,ML-DSA Signature Verification Accepts Signatures with Repeated Hint Indices,MODERATE,CVSS:3.1/AV:N/AC:L/PR:N/UI:N/S:U/C:N/I:L/A:N,CVE-2026-24850,CWE-347,crates.io,ml-dsa,0.0.4,0.1.0-rc.4,2026-01-28T16:44:47Z,2026-01-28T16:44:47Z
GHSA-5xrp-6693-jjx9,n8n Unsafe Workflow Expression Evaluation Allows Remote Code Execution,CRITICAL,CVSS:3.1/AV:N/AC:L/PR:L/UI:N/S:C/C:H/I:H/A:H,CVE-2026-1470,CWE-95,npm,n8n,0,1.123.17,2026-01-27T15:30:32Z,2026-01-29T15:02:29Z
GHSA-637h-ch24-xp9m,XWiki Full Calendar Macro vulnerable to data leak through Calendar.JSONService,MODERATE,CVSS:3.1/AV:N/AC:L/PR:N/UI:N/S:U/C:L/I:N/A:N,CVE-2025-65090,CWE-200,Maven,org.xwiki.contrib:macro-fullcalendar-pom,0,2.4.6,2026-01-09T18:35:57Z,2026-01-11T14:55:42Z
GHSA-63cw-57p8-fm3p,PyTorch Vulnerable to Remote Code Execution via Untrusted Checkpoint Files,HIGH,CVSS:3.1/AV:N/AC:L/PR:N/UI:R/S:U/C:H/I:H/A:H,CVE-2026-24747,CWE-502; CWE-94,PyPI,pytorch,0,2.10.0,2026-01-27T20:10:54Z,2026-01-29T03:42:52Z
GHSA-63m5-974w-448v,Fleet has a JWT signature bypass vulnerability in Azure AD MDM enrollment ,CRITICAL,CVSS:4.0/AV:N/AC:L/AT:N/PR:N/UI:N/VC:H/VI:H/VA:H/SC:N/SI:N/SA:N,CVE-2026-23518,CWE-347,Go,github.com/fleetdm/fleet,4.78.0,4.78.3,2026-01-20T20:55:17Z,2026-02-27T22:02:58Z
GHSA-63v5-26vq-m4vm,Keycloak's missing timestamp validation allows attackers to extend SAML response validity periods,LOW,CVSS:3.1/AV:N/AC:H/PR:N/UI:R/S:U/C:N/I:L/A:N,CVE-2026-1190,CWE-112; CWE-347; CWE-613,Maven,org.keycloak:keycloak-services,0,,2026-01-26T21:30:36Z,2026-03-06T00:31:28Z
GHSA-63vm-454h-vhhq,pyasn1 has a DoS vulnerability in decoder,HIGH,CVSS:3.1/AV:N/AC:L/PR:N/UI:N/S:U/C:N/I:N/A:H,CVE-2026-23490,CWE-400; CWE-770,PyPI,pyasn1,0.6.1,0.6.2,2026-01-16T19:19:25Z,2026-02-01T18:30:16Z
GHSA-6475-r3vj-m8vf,AWS SDK for JavaScript v3 adopted defense in depth enhancement for region parameter value,LOW,CVSS:3.1/AV:N/AC:H/PR:N/UI:N/S:U/C:L/I:N/A:N,,CWE-20,npm,@smithy/config-resolver,0,4.4.0,2026-01-08T21:52:45Z,2026-01-08T21:52:45Z
GHSA-6497-prx7-gpmq,geopandas SQL Injection Vulnerability in to_postgis() Allows Information Disclosure,HIGH,CVSS:3.1/AV:N/AC:L/PR:N/UI:N/S:C/C:H/I:N/A:N,CVE-2025-69662,CWE-202; CWE-89,PyPI,geopandas,0,1.1.2,2026-01-30T21:30:22Z,2026-02-01T18:09:10Z
GHSA-657c-wxg6-jmqv,pH7-Social-Dating-CMS affected by a stored cross-site scripting (XSS) vulnerability,MODERATE,CVSS:3.1/AV:N/AC:L/PR:N/UI:R/S:C/C:L/I:L/A:N,CVE-2025-63644,CWE-79,Packagist,ph7software/ph7builder,0,,2026-01-14T18:31:37Z,2026-01-22T18:04:53Z
GHSA-66fc-rw6m-c2q6,Seroval affected by Denial of Service via Array serialization,HIGH,CVSS:3.1/AV:N/AC:L/PR:N/UI:N/S:U/C:N/I:N/A:H,CVE-2026-23957,CWE-770,npm,seroval,0,1.4.1,2026-01-21T17:05:54Z,2026-01-22T15:44:01Z
GHSA-6738-r8g5-qwp3,svelte vulnerable to Cross-site Scripting,MODERATE,CVSS:4.0/AV:N/AC:L/AT:N/PR:N/UI:P/VC:N/VI:N/VA:N/SC:L/SI:L/SA:N,CVE-2025-15265,CWE-79,npm,svelte,5.46.0,5.46.4,2026-01-15T20:13:33Z,2026-01-15T22:34:22Z
GHSA-67rj-pjg6-pq59,Jervis Has a SHA-256 Hex String Padding Bug,HIGH,CVSS:3.1/AV:N/AC:L/PR:N/UI:N/S:U/C:N/I:H/A:N,CVE-2025-68702,CWE-327,Maven,net.gleske:jervis,0,2.2,2026-01-13T14:52:31Z,2026-01-21T16:21:29Z
GHSA-69f9-5gxw-wvc2,AIOHTTP's unicode processing of header values could cause parsing discrepancies,LOW,CVSS:4.0/AV:N/AC:L/AT:N/PR:N/UI:N/VC:N/VI:L/VA:N/SC:N/SI:N/SA:N/E:U,CVE-2025-69224,CWE-444,PyPI,aiohttp,0,3.13.3,2026-01-05T22:58:57Z,2026-01-06T16:06:40Z
GHSA-6c46-p6j5-3f49,TYPO3 CMS Allows Broken Access Control in Redirects Module,MODERATE,CVSS:4.0/AV:N/AC:L/AT:N/PR:L/UI:N/VC:L/VI:L/VA:L/SC:N/SI:N/SA:N,CVE-2025-59021,CWE-862,Packagist,typo3/cms-redirects,14.0.0,14.0.2,2026-01-13T20:37:37Z,2026-01-13T20:37:37Z
GHSA-6c59-mwgh-r2x6,JSONPath vulnerable to Prototype Pollution due to insufficient input validation of object keys in lib/index.js,MODERATE,CVSS:4.0/AV:N/AC:L/AT:N/PR:N/UI:N/VC:N/VI:H/VA:N/SC:N/SI:N/SA:N/E:U,CVE-2025-61140,CWE-1321,npm,jsonpath,0,1.2.0,2026-01-28T18:30:47Z,2026-02-05T16:14:30Z
GHSA-6f65-4fv2-wwch,Vendure vulnerable to timing attack that enables user enumeration in NativeAuthenticationStrategy,LOW,CVSS:4.0/AV:N/AC:L/AT:N/PR:N/UI:N/VC:L/VI:N/VA:N/SC:N/SI:N/SA:N/E:U,CVE-2026-25050,CWE-202,npm,@vendure/core,0,3.5.3,2026-01-30T19:35:40Z,2026-01-30T19:35:40Z
GHSA-6fg3-hvw7-2fwq,Microsoft Playwright MCP Server vulnerable to DNS Rebinding Attack; Allows Attackers Access to All Server Tools,HIGH,CVSS:4.0/AV:N/AC:L/AT:N/PR:N/UI:P/VC:L/VI:L/VA:H/SC:L/SI:L/SA:L,CVE-2025-9611,CWE-749,npm,@playwright/mcp,0,0.0.40,2026-01-07T12:31:25Z,2026-01-07T20:02:55Z
GHSA-6g8q-hp2j-gvwv,Harvest May Expose OS Default SSH Login Password Via SUSE Virtualization Interactive Installer,CRITICAL,CVSS:3.1/AV:N/AC:L/PR:N/UI:N/S:U/C:H/I:H/A:H,CVE-2025-62877,CWE-1188,Go,github.com/harvester/harvester-installer,1.6.0,,2026-01-05T20:25:53Z,2026-01-08T21:18:48Z
GHSA-6h7w-v2xr-mqvw,Bagisto Missing Authentication on Installer API Endpoints,HIGH,CVSS:3.1/AV:N/AC:L/PR:N/UI:N/S:U/C:H/I:H/A:H,CVE-2026-21446,CWE-306,Packagist,bagisto/bagisto,2.3.0,2.3.10,2026-01-02T21:14:06Z,2026-01-08T21:35:01Z
GHSA-6jhg-hg63-jvvf,AIOHTTP vulnerable to  denial of service through large payloads,MODERATE,CVSS:4.0/AV:N/AC:L/AT:N/PR:N/UI:N/VC:N/VI:N/VA:H/SC:N/SI:N/SA:N/E:U,CVE-2025-69228,CWE-770,PyPI,aiohttp,0,3.13.3,2026-01-05T23:13:14Z,2026-01-06T16:06:55Z
GHSA-6jm8-x3g6-r33j,Soft Serve is missing an authorization check in LFS lock deletion,MODERATE,CVSS:3.1/AV:N/AC:L/PR:L/UI:N/S:U/C:N/I:L/A:L,CVE-2026-22253,CWE-863,Go,github.com/charmbracelet/soft-serve,0,0.11.2,2026-01-08T21:01:54Z,2026-01-08T21:37:08Z
GHSA-6jxm-fv7w-rw5j,Mailpit has a Server-Side Request Forgery (SSRF) via HTML Check API,MODERATE,CVSS:3.1/AV:N/AC:L/PR:N/UI:N/S:C/C:L/I:N/A:N,CVE-2026-23845,CWE-918,Go,github.com/axllent/mailpit,0,1.28.3,2026-01-21T01:01:26Z,2026-02-02T14:50:55Z
GHSA-6mq8-rvhq-8wgg,AIOHTTP's HTTP Parser auto_decompress feature is vulnerable to zip bomb,HIGH,CVSS:3.1/AV:N/AC:L/PR:N/UI:N/S:U/C:N/I:N/A:H,CVE-2025-69223,CWE-409; CWE-770,PyPI,aiohttp,0,3.13.3,2026-01-05T22:58:41Z,2026-01-06T16:06:18Z
GHSA-6mw6-mj76-grwc,gix-date can create non-utf8 string with `TimeBuf::as_str`,MODERATE,CVSS:4.0/AV:L/AC:L/AT:N/PR:N/UI:N/VC:N/VI:H/VA:H/SC:N/SI:N/SA:N/E:P,CVE-2026-0810,CWE-787,crates.io,gix-date,0,0.12.0,2026-01-05T19:43:29Z,2026-01-27T22:23:11Z
GHSA-6p6h-rqr6-62mv,GI-DocGen vulnerable to Reflected XSS via unescaped query strings,MODERATE,CVSS:3.1/AV:N/AC:L/PR:N/UI:R/S:C/C:L/I:L/A:N,CVE-2025-11687,CWE-79,PyPI,gi-docgen,0,2025.5,2026-01-26T21:30:36Z,2026-01-27T21:04:10Z
GHSA-6pfh-p556-v868,pnpm: Binary ZIP extraction allows arbitrary file write via path traversal (Zip Slip),MODERATE,CVSS:3.1/AV:N/AC:L/PR:N/UI:R/S:U/C:N/I:H/A:N,CVE-2026-23888,CWE-22; CWE-23; CWE-426,npm,pnpm,0,10.28.1,2026-01-26T21:02:49Z,2026-01-28T16:18:11Z
GHSA-6pw3-h7xf-x4gp,BlackSheep's ClientSession is vulnerable to CRLF injection,MODERATE,CVSS:4.0/AV:N/AC:L/AT:P/PR:N/UI:N/VC:N/VI:N/VA:N/SC:L/SI:L/SA:N,CVE-2026-22779,CWE-113; CWE-93,PyPI,blacksheep,0,2.4.6,2026-01-14T16:52:53Z,2026-01-14T19:50:38Z
GHSA-6r62-w2q3-48hf,BentoML has a Path Traversal via Bentofile Configuration,HIGH,CVSS:3.1/AV:N/AC:L/PR:N/UI:R/S:C/C:H/I:N/A:N,CVE-2026-24123,CWE-22,PyPI,bentoml,0,1.4.34,2026-01-26T21:17:16Z,2026-01-29T03:23:35Z
GHSA-6rcw-ww3x-xqwm,carbone Code Injection vulnerability,LOW,CVSS:3.1/AV:N/AC:H/PR:L/UI:N/S:U/C:L/I:L/A:L,CVE-2024-14020,CWE-94,npm,carbone,0,3.5.6,2026-01-07T12:31:19Z,2026-01-07T19:30:26Z
GHSA-6vfr-p2hx-6v32,Apache Linkis: Password Exposure,MODERATE,CVSS:3.1/AV:N/AC:L/PR:L/UI:N/S:U/C:H/I:N/A:N,CVE-2025-59355,CWE-532,Maven,org.apache.linkis:linkis-metadata,1.0.0,1.8.0,2026-01-19T09:30:28Z,2026-01-21T01:03:28Z
GHSA-6wqw-2p9w-4vw4,"Hono cache middleware ignores ""Cache-Control: private"" leading to Web Cache Deception",MODERATE,CVSS:3.1/AV:N/AC:L/PR:N/UI:N/S:U/C:L/I:N/A:N,CVE-2026-24472,CWE-524; CWE-613,npm,hono,0,4.11.7,2026-01-27T19:04:17Z,2026-01-29T03:39:36Z
GHSA-6x96-7vc8-cm3p,pnpm has Windows-specific tarball Path Traversal,MODERATE,CVSS:3.1/AV:N/AC:L/PR:N/UI:R/S:U/C:N/I:H/A:N,CVE-2026-23889,CWE-22,npm,pnpm,0,10.28.1,2026-01-26T21:02:44Z,2026-01-29T03:23:02Z
GHSA-73jg-4qh6-3f4g,Beam Exposes sensitive information via joinCleanPath function,MODERATE,CVSS:3.1/AV:L/AC:L/PR:H/UI:N/S:U/C:H/I:H/A:N,CVE-2025-69820,CWE-22,Go,github.com/beam-cloud/beta9,0,,2026-01-22T18:30:31Z,2026-01-29T22:58:34Z
GHSA-73rr-hh4g-fpgx,jsdiff has a Denial of Service vulnerability in parsePatch and applyPatch,LOW,CVSS:4.0/AV:N/AC:L/AT:N/PR:N/UI:N/VC:N/VI:N/VA:L/SC:N/SI:N/SA:N/E:U,CVE-2026-24001,CWE-1333; CWE-400,npm,diff,6.0.0,8.0.3,2026-01-14T21:34:12Z,2026-01-30T17:13:35Z
GHSA-742x-x762-7383,Craft CMS vulnerable to potential authenticated Remote Code Execution via Twig SSTI,MODERATE,CVSS:4.0/AV:N/AC:L/AT:P/PR:L/UI:N/VC:H/VI:H/VA:H/SC:N/SI:N/SA:N/E:U,CVE-2025-68454,CWE-1336,Packagist,craftcms/cms,5.0.0-RC1,5.8.21,2026-01-05T18:10:56Z,2026-01-06T15:52:15Z
GHSA-77p9-w6pj-rmvg,Apache Continuum vulnerable to Command Injection through Installations REST API,CRITICAL,CVSS:3.1/AV:N/AC:L/PR:L/UI:N/S:C/C:H/I:H/A:H,CVE-2016-15057,CWE-77,Maven,org.apache.continuum:continuum,0,,2026-01-26T12:30:29Z,2026-01-26T23:45:16Z
GHSA-77v3-r3jw-j2v2,External Secrets Operator insecurely retrieves secrets through the getSecretKey templating function,CRITICAL,CVSS:4.0/AV:L/AC:L/AT:N/PR:L/UI:N/VC:H/VI:H/VA:H/SC:H/SI:H/SA:H,CVE-2026-22822,CWE-863,Go,github.com/external-secrets/external-secrets,0.20.2,1.2.0,2026-01-20T16:37:18Z,2026-01-22T15:38:48Z
GHSA-77w2-v593-vxvv,Salt junos Module Vulnerable to Code Injection via Specially Crafted YAML Payload,HIGH,CVSS:3.1/AV:L/AC:L/PR:L/UI:N/S:U/C:H/I:H/A:H,CVE-2025-62348,CWE-94,PyPI,salt,0,3006.17,2026-01-30T21:30:22Z,2026-02-01T18:07:48Z
GHSA-78h3-63c4-5fqc,WeKnora has Command Injection in MCP stdio test,CRITICAL,CVSS:3.1/AV:N/AC:L/PR:L/UI:N/S:C/C:H/I:H/A:H,CVE-2026-22688,CWE-77,Go,github.com/Tencent/WeKnora,0,0.2.5,2026-01-09T19:21:22Z,2026-01-22T16:29:34Z
GHSA-78p6-6878-8mj6,SM2-PKE has Unchecked AffinePoint Decoding (unwrap) in decrypt(),HIGH,CVSS:3.1/AV:N/AC:L/PR:N/UI:N/S:U/C:N/I:N/A:H,CVE-2026-22699,CWE-20,crates.io,sm2,0.14.0-pre.0,,2026-01-09T22:35:35Z,2026-01-11T14:56:39Z
GHSA-793v-589g-574v,Bokeh server applications have Incomplete Origin Validation in WebSockets,MODERATE,CVSS:4.0/AV:N/AC:L/AT:P/PR:N/UI:A/VC:H/VI:H/VA:N/SC:N/SI:N/SA:N/E:U,CVE-2026-21883,CWE-1385,PyPI,bokeh,0,3.8.2,2026-01-06T17:53:44Z,2026-01-23T16:39:04Z
GHSA-796p-j2gh-9m2q,dcap-qvl has Missing Verification for QE Identity,CRITICAL,CVSS:4.0/AV:N/AC:L/AT:N/PR:N/UI:N/VC:H/VI:H/VA:N/SC:N/SI:N/SA:N,CVE-2026-22696,CWE-295; CWE-347,crates.io,dcap-qvl,0,0.3.9,2026-01-26T18:55:13Z,2026-01-29T03:22:29Z
GHSA-7c2f-r6gc-h92h,Apache Airflow proxy credentials for various providers might leak in task logs,HIGH,CVSS:3.1/AV:N/AC:L/PR:N/UI:N/S:U/C:H/I:N/A:N,CVE-2025-68675,CWE-532,PyPI,apache-airflow,3.0.0b1,3.1.6,2026-01-16T12:30:25Z,2026-02-24T16:21:08Z
GHSA-7cw6-7h3h-v8pf,Shopware Has Improper Control of Generation of Code in Twig rendered views,HIGH,CVSS:3.1/AV:N/AC:L/PR:H/UI:N/S:U/C:H/I:H/A:H,CVE-2026-23498,CWE-94,Packagist,shopware/shopware,6.7.0.0,6.7.6.1,2026-01-14T16:54:27Z,2026-01-14T21:46:46Z
GHSA-7f67-crqm-jgh7,Incus container image templating arbitrary host file read and write,HIGH,CVSS:3.1/AV:A/AC:L/PR:L/UI:N/S:C/C:H/I:H/A:N,CVE-2026-23954,CWE-22,Go,github.com/lxc/incus/v6/cmd/incusd,6.1.0,,2026-01-22T20:26:10Z,2026-01-23T15:46:34Z
GHSA-7f7m-83r3-p644,MineAdmin May Expose Sensitive Information to an Unauthorized Actor,MODERATE,CVSS:3.1/AV:N/AC:L/PR:N/UI:N/S:U/C:L/I:N/A:N,CVE-2026-1194,CWE-200,Packagist,mineadmin/mineadmin,1.0.0,,2026-01-20T00:30:27Z,2026-02-05T22:00:45Z
GHSA-7gcm-g887-7qv7,protobuf affected by a JSON recursion depth bypass,HIGH,CVSS:4.0/AV:N/AC:L/AT:P/PR:N/UI:N/VC:N/VI:N/VA:H/SC:N/SI:N/SA:L,CVE-2026-0994,CWE-674,PyPI,protobuf,6.30.0rc1,6.33.5,2026-01-23T15:31:35Z,2026-02-05T15:47:43Z
GHSA-7grm-h62g-5m97,NiceGUI is vulnerable to XSS via Unescaped URL in ui.navigate.history.push() / replace(),MODERATE,CVSS:3.1/AV:N/AC:L/PR:N/UI:R/S:C/C:L/I:L/A:N,CVE-2026-21871,CWE-79,PyPI,nicegui,2.13.0,3.5.0,2026-01-08T20:00:29Z,2026-01-08T20:00:29Z
GHSA-7jc7-g598-2p64,XDocReport affected by an XML External Entity (XXE) vulnerability,CRITICAL,CVSS:3.1/AV:N/AC:L/PR:N/UI:N/S:U/C:H/I:H/A:H,CVE-2025-65482,CWE-611,Maven,fr.opensagres.xdocreport:fr.opensagres.xdocreport.document,0.9.2,2.0.4,2026-01-20T18:31:57Z,2026-01-21T16:56:55Z
GHSA-7jxj-rpx7-ph2c,Umbraco.Forms CDN may cache sensitive form uploads when processed by ImageSharp,LOW,CVSS:3.1/AV:N/AC:H/PR:N/UI:R/S:U/C:L/I:N/A:N,,CWE-524,NuGet,Umbraco.Forms,0,13.9.0,2026-01-22T18:06:01Z,2026-01-22T18:06:01Z
GHSA-7p9h-m7m8-vhhv,phpMyFAQ: Attachment download allowed without dlattachment right (broken access control),MODERATE,CVSS:3.1/AV:N/AC:L/PR:L/UI:N/S:U/C:H/I:N/A:N,CVE-2026-24420,CWE-284,Packagist,phpmyfaq/phpmyfaq,0,4.0.17,2026-01-23T20:17:16Z,2026-01-28T04:43:20Z
GHSA-7qm7-455j-5p63,enclave-vm Vulnerable to Sandbox Escape via Host Error Prototype Chain,CRITICAL,CVSS:3.1/AV:N/AC:L/PR:N/UI:N/S:C/C:H/I:H/A:H,CVE-2026-22686,CWE-94,npm,enclave-vm,0,2.7.0,2026-01-14T16:52:30Z,2026-01-15T17:46:45Z
GHSA-7rqc-ff8m-7j23,Signal K Server Vulnerable to Denial of Service via Unrestricted Access Request Flooding,HIGH,CVSS:3.1/AV:N/AC:L/PR:N/UI:N/S:U/C:N/I:N/A:H,CVE-2025-68272,CWE-400; CWE-770,npm,signalk-server,0,2.19.0,2026-01-02T15:20:05Z,2026-01-02T15:20:05Z
GHSA-7vhp-vf5g-r2fw,pnpm Has Lockfile Integrity Bypass that Allows Remote Dynamic Dependencies,HIGH,CVSS:3.1/AV:N/AC:H/PR:N/UI:R/S:U/C:H/I:H/A:H,CVE-2025-69263,CWE-494,npm,pnpm,0,10.26.0,2026-01-07T19:06:59Z,2026-01-08T20:05:32Z
GHSA-7vp9-x248-9vr9,TYPO3 CMS Allows Insecure Deserialization via Mailer File Spool,MODERATE,CVSS:4.0/AV:L/AC:L/AT:P/PR:L/UI:N/VC:N/VI:L/VA:N/SC:H/SI:H/SA:H,CVE-2026-0859,CWE-502,Packagist,typo3/cms-core,14.0.0,14.0.2,2026-01-13T21:54:06Z,2026-01-13T21:54:06Z
GHSA-7vw6-5q2f-7w5r, Keycloak’s OpenID Connect Dynamic Client Registration feature affected by Server-Side Request Forgery (SSRF),MODERATE,CVSS:3.1/AV:N/AC:L/PR:N/UI:N/S:C/C:L/I:N/A:N,CVE-2026-1180,CWE-918,Maven,org.keycloak:keycloak-adapter-core,0,,2026-01-20T15:33:12Z,2026-01-21T21:55:11Z
GHSA-7wwv-79xw-rvvg,Vaadin vulnerable to Cross-site Scripting,MODERATE,CVSS:4.0/AV:N/AC:L/AT:N/PR:L/UI:A/VC:N/VI:N/VA:N/SC:L/SI:L/SA:N,CVE-2025-15022,CWE-79,Maven,com.vaadin:vaadin-server,7.0.0,7.7.50,2026-01-05T09:30:19Z,2026-01-05T19:48:50Z
GHSA-7x99-8x99-xc54,Salesforce Uni2TS has a Code Injection vulnerability,CRITICAL,CVSS:3.1/AV:N/AC:L/PR:N/UI:N/S:U/C:H/I:H/A:H,CVE-2026-22584,CWE-94,PyPI,uni2ts,0,2.0.0,2026-01-10T00:30:30Z,2026-01-21T21:17:51Z
GHSA-824x-88xg-cwrv,Redaxo has Path Traversal in Backup Addon Leading to Arbitrary File Read,HIGH,CVSS:4.0/AV:N/AC:L/AT:N/PR:H/UI:N/VC:H/VI:N/VA:N/SC:H/SI:H/SA:N,CVE-2026-21857,CWE-22; CWE-24,Packagist,redaxo/source,0,5.20.2,2026-01-05T20:02:58Z,2026-01-08T20:07:42Z
GHSA-829q-m3qg-ph8r,Vega XSS via expression abusing vlSelectionTuples function array map calls in environments with satisfactory function gadgets in the global scope,HIGH,CVSS:3.1/AV:N/AC:L/PR:N/UI:R/S:U/C:H/I:H/A:N,CVE-2025-65110,CWE-79,npm,vega-selections,0,5.6.3,2026-01-05T22:56:59Z,2026-01-06T15:51:50Z
GHSA-83fc-fqcc-2hmg,React Server Components have multiple Denial of Service Vulnerabilities,HIGH,CVSS:3.1/AV:N/AC:L/PR:N/UI:N/S:U/C:N/I:N/A:H,CVE-2026-23864,CWE-400,npm,react-server-dom-parcel,19.0.0,19.0.4,2026-01-29T15:00:30Z,2026-01-29T15:00:30Z
GHSA-846p-jg2w-w324,go-tuf affected by client DoS via malformed server response,MODERATE,CVSS:3.1/AV:N/AC:H/PR:N/UI:N/S:U/C:N/I:N/A:H,CVE-2026-23991,CWE-617; CWE-754,Go,github.com/theupdateframework/go-tuf/v2,0,2.3.1,2026-01-21T16:19:28Z,2026-01-22T15:43:38Z
GHSA-848j-6mx2-7j84,Elliptic Uses a Cryptographic Primitive with a Risky Implementation,LOW,CVSS:3.1/AV:N/AC:H/PR:N/UI:N/S:U/C:L/I:L/A:L,CVE-2025-14505,CWE-1240,npm,elliptic,0,,2026-01-08T21:30:34Z,2026-01-09T20:19:43Z
GHSA-8623-9fwr-4cxv,Quick-Media Batik Codec FIX package has Code Injection vulnerability,MODERATE,CVSS:4.0/AV:N/AC:L/AT:N/PR:N/UI:P/VC:N/VI:L/VA:L/SC:N/SI:N/SA:N/S:N/AU:Y/R:U/V:C/RE:M/U:Amber,CVE-2026-24806,CWE-94,Maven,com.github.liuyueyi.media:batik-codec-fix,0,,2026-01-27T09:30:30Z,2026-01-28T15:52:10Z
GHSA-86gh-c8r8-xwhq,phpPgAdmin contains a remote command execution vulnerability,HIGH,CVSS:3.1/AV:N/AC:L/PR:L/UI:N/S:U/C:H/I:H/A:H,CVE-2021-47853,CWE-78,Packagist,phppgadmin/phppgadmin,0,,2026-01-21T18:30:31Z,2026-02-02T20:33:47Z
GHSA-86rf-68f4-2cph,Duplicate Advisory: go-viper's mapstructure May Leak Sensitive Information in Logs When Processing Malformed Data,MODERATE,CVSS:3.1/AV:N/AC:H/PR:N/UI:R/S:U/C:H/I:N/A:N,,CWE-117,Go,github.com/go-viper/mapstructure/v2,0,2.4.0,2026-01-26T21:30:36Z,2026-01-27T21:00:31Z
GHSA-87hc-h4r5-73f7, Werkzeug safe_join() allows Windows special device names with compound extensions,MODERATE,CVSS:3.1/AV:N/AC:L/PR:N/UI:N/S:U/C:N/I:N/A:L,CVE-2026-21860,CWE-67,PyPI,Werkzeug,0,3.1.5,2026-01-08T19:51:21Z,2026-02-02T19:57:31Z
GHSA-88q6-jcjg-hvmw,jose-swift has JWT Signature Verification Bypass via None Algorithm,HIGH,CVSS:4.0/AV:N/AC:L/AT:N/PR:N/UI:N/VC:H/VI:H/VA:N/SC:N/SI:N/SA:N/E:P,,CWE-327,SwiftURL,github.com/beatt83/jose-swift,0,,2026-01-09T19:39:30Z,2026-01-09T19:39:30Z
GHSA-8c39-xppg-479c,Pterodactyl does not revoke SFTP access when server is deleted or permissions reduced,HIGH,CVSS:4.0/AV:N/AC:L/AT:P/PR:H/UI:N/VC:H/VI:H/VA:H/SC:N/SI:N/SA:N,CVE-2025-68954,CWE-613,Packagist,pterodactyl/panel,0,1.12.0,2026-01-06T17:18:56Z,2026-01-06T17:18:56Z
GHSA-8cw6-53m5-4932,StudioCMS has Authorization Bypass Through User-Controlled Key,MODERATE,CVSS:3.1/AV:N/AC:L/PR:L/UI:N/S:U/C:H/I:N/A:N,CVE-2026-24134,CWE-639; CWE-862,npm,studiocms,0,0.2.0,2026-01-27T22:13:52Z,2026-01-29T03:43:54Z
GHSA-8fwc-qjw5-rvgp,Gitea may send release notification emails for private repositories to users whose access has been revoked,LOW,CVSS:4.0/AV:N/AC:L/AT:P/PR:L/UI:N/VC:L/VI:N/VA:N/SC:N/SI:N/SA:N,CVE-2026-0798,CWE-284,Go,code.gitea.io/gitea,0,1.25.4,2026-01-23T00:31:16Z,2026-01-23T20:11:25Z
GHSA-8h3q-9fpp-c883,Duplicate Advisory: Wrangler affected by OS Command Injection in `wrangler pages deploy`,HIGH,CVSS:4.0/AV:N/AC:L/AT:P/PR:L/UI:N/VC:H/VI:H/VA:H/SC:L/SI:L/SA:N,,CWE-20,npm,wrangler,2.0.15,,2026-01-21T00:31:43Z,2026-01-29T03:38:35Z
GHSA-8hf7-h89p-3pqj,MobSF has Stored XSS via Manifest Analysis - Dialer Code Host Field,HIGH,CVSS:3.1/AV:N/AC:L/PR:H/UI:R/S:C/C:H/I:H/A:N,CVE-2026-24490,CWE-79,PyPI,mobsf,0,4.4.5,2026-01-26T23:36:19Z,2026-01-29T03:25:29Z
GHSA-8p9x-46gm-qfx2,Kyverno Cross-Namespace Privilege Escalation via Policy apiCall,CRITICAL,CVSS:3.1/AV:N/AC:L/PR:L/UI:N/S:C/C:H/I:H/A:H,CVE-2026-22039,CWE-269; CWE-918,Go,github.com/kyverno/kyverno,0,1.15.3,2026-01-27T18:01:26Z,2026-01-29T03:31:31Z
GHSA-8qq5-rm4j-mr97,node-tar is Vulnerable to Arbitrary File Overwrite and Symlink Poisoning via Insufficient Path Sanitization,HIGH,CVSS:4.0/AV:L/AC:L/AT:N/PR:N/UI:A/VC:H/VI:L/VA:N/SC:H/SI:L/SA:N,CVE-2026-23745,CWE-22,npm,tar,0,7.5.3,2026-01-16T21:16:20Z,2026-02-18T23:43:46Z
GHSA-8r9q-7v3j-jr4g,Anthropic's MCP TypeScript SDK has a ReDoS vulnerability,HIGH,CVSS:4.0/AV:N/AC:L/AT:N/PR:N/UI:N/VC:N/VI:N/VA:H/SC:N/SI:N/SA:N,CVE-2026-0621,CWE-1333,npm,@modelcontextprotocol/sdk,0,1.25.2,2026-01-05T21:30:33Z,2026-01-07T16:16:27Z
GHSA-8rgq-m2pm-jvmg,Duplicate Advisory: gix-date can create non-utf8 string with `TimeBuf::as_str`,MODERATE,CVSS:4.0/AV:L/AC:L/AT:N/PR:N/UI:N/VC:N/VI:H/VA:H/SC:N/SI:N/SA:N/E:P,,CWE-787,crates.io,gix-date,0,0.12.0,2026-01-26T21:30:36Z,2026-01-27T22:22:40Z
GHSA-8rrh-rw8j-w5fx,Wheel Affected by Arbitrary File Permission Modification via Path Traversal in wheel unpack,HIGH,CVSS:3.1/AV:L/AC:L/PR:N/UI:R/S:U/C:N/I:H/A:H,CVE-2026-24049,CWE-22,PyPI,wheel,0.40.0,0.46.2,2026-01-22T18:02:56Z,2026-01-23T17:44:38Z
GHSA-8v65-47jx-7mfr,Mailpit Proxy Endpoint has Server-Side Request Forgery (SSRF) vulnerability,MODERATE,CVSS:3.1/AV:N/AC:L/PR:N/UI:N/S:C/C:L/I:N/A:N,CVE-2026-21859,CWE-918,Go,github.com/axllent/mailpit,0,1.28.1,2026-01-06T17:44:29Z,2026-02-02T14:51:32Z
GHSA-8v8x-cx79-35w7,React Router SSR XSS in ScrollRestoration,HIGH,CVSS:3.1/AV:N/AC:L/PR:N/UI:R/S:C/C:H/I:L/A:N,CVE-2026-21884,CWE-79,npm,react-router,7.0.0,7.12.0,2026-01-08T20:50:05Z,2026-01-11T14:54:08Z
GHSA-8w7m-w749-rx98,"Pterodactyl websocket endpoints have no visible rate limits or monitoring, allowing for DOS attacks",HIGH,CVSS:3.1/AV:N/AC:L/PR:L/UI:N/S:U/C:N/I:N/A:H,CVE-2025-69199,CWE-400; CWE-770,Go,github.com/pterodactyl/wings,0,1.12.0,2026-01-20T16:30:40Z,2026-02-02T22:21:53Z
GHSA-923j-vrcg-hxwh,malcontent vulnerable to symlink Path Traversal via handleSymlink argument confusion in archive extraction,MODERATE,CVSS:3.1/AV:L/AC:L/PR:N/UI:R/S:U/C:N/I:H/A:N,CVE-2026-24846,CWE-22; CWE-683,Go,github.com/chainguard-dev/malcontent,1.8.0,1.20.3,2026-01-29T22:05:15Z,2026-01-31T03:33:39Z
GHSA-92cc-952p-v8rh,Apache Hadoop HDFS Native Client has Out-of-bounds Write Vulnerability ,HIGH,CVSS:3.1/AV:N/AC:L/PR:N/UI:N/S:U/C:L/I:L/A:L,CVE-2025-27821,CWE-787,Maven,org.apache.hadoop:hadoop-hdfs-native-client,3.2.0,3.4.2,2026-01-26T12:30:27Z,2026-01-26T23:40:20Z
GHSA-93jc-vqqc-vvvh,Signal K Server Vulnerable to Remote Code Execution via Malicious npm Package,HIGH,CVSS:3.1/AV:N/AC:L/PR:H/UI:N/S:U/C:H/I:H/A:H,CVE-2025-68619,CWE-94,npm,signalk-server,0,2.9.0,2026-01-02T15:23:39Z,2026-01-06T18:41:41Z
GHSA-94c7-g2fj-7682,SiYuan Vulnerable to Arbitrary File Read via File Copy Functionality,HIGH,CVSS:4.0/AV:N/AC:L/AT:N/PR:L/UI:N/VC:H/VI:N/VA:N/SC:H/SI:N/SA:N,CVE-2026-23851,CWE-22,Go,github.com/siyuan-note/siyuan/kernel,0,0.0.0-20260118092521-f8f4b517077b,2026-01-21T01:01:47Z,2026-01-21T01:01:47Z
GHSA-9583-h5hc-x8cw,React Router has Path Traversal in File Session Storage,CRITICAL,CVSS:3.1/AV:N/AC:L/PR:N/UI:N/S:U/C:N/I:H/A:H,CVE-2025-61686,CWE-22,npm,@react-router/node,7.0.0,7.9.4,2026-01-08T20:45:07Z,2026-01-11T14:53:54Z
GHSA-95c6-p277-p87g,FastAPI Api Key has a timing side-channel in verify_key that allows statistical key validity detection,LOW,CVSS:3.1/AV:N/AC:H/PR:N/UI:N/S:U/C:L/I:N/A:N,CVE-2026-23996,CWE-208,PyPI,fastapi-api-key,0,1.1.0,2026-01-21T22:27:39Z,2026-01-22T15:40:29Z
GHSA-95ff-46g6-6gw9,"NocoDB has Prototype Pollution in Connection Test Endpoint, Leading to DoS",MODERATE,CVSS:3.1/AV:N/AC:L/PR:H/UI:N/S:U/C:N/I:N/A:H,CVE-2026-24766,CWE-1321,npm,nocodb,0,0.301.0,2026-01-28T21:41:26Z,2026-01-28T21:41:26Z
GHSA-96qw-h329-v5rg,Shakapacker has environment variable leak via EnvironmentPlugin that exposes secrets to client-side bundles,HIGH,CVSS:3.1/AV:N/AC:L/PR:N/UI:N/S:U/C:H/I:N/A:N,,CWE-200,npm,shakapacker,0,9.5.0,2026-01-08T21:13:37Z,2026-01-08T21:13:37Z
GHSA-96xm-fv9w-pf3f,"soroban-sdk has overflow in Bytes::slice, Vec::slice, GenRange::gen_range for u64",MODERATE,CVSS:3.1/AV:N/AC:L/PR:N/UI:N/S:U/C:N/I:L/A:N,CVE-2026-24889,CWE-190,crates.io,soroban-sdk,25.0.0,25.0.2,2026-01-28T22:20:35Z,2026-01-29T03:56:38Z
GHSA-9726-w42j-3qjr,picklescan has Arbitrary file read using `io.FileIO` ,HIGH,CVSS:4.0/AV:N/AC:L/AT:N/PR:N/UI:N/VC:H/VI:H/VA:N/SC:N/SI:N/SA:N/E:P,,CWE-22; CWE-918,PyPI,picklescan,0,0.0.35,2026-01-08T17:25:35Z,2026-01-08T17:25:35Z
GHSA-983w-rhvv-gwmv,WeasyPrint has a Server-Side Request Forgery (SSRF) Protection Bypass via HTTP Redirect,HIGH,CVSS:3.1/AV:N/AC:L/PR:N/UI:N/S:U/C:H/I:N/A:N,CVE-2025-68616,CWE-601; CWE-918,PyPI,weasyprint,0,68.0,2026-01-20T16:29:53Z,2026-01-20T16:29:54Z
GHSA-99p7-6v5w-7xg8,vm2 has a Sandbox Escape,CRITICAL,CVSS:3.1/AV:N/AC:L/PR:N/UI:N/S:U/C:H/I:H/A:H,CVE-2026-22709,CWE-693; CWE-913; CWE-94,npm,vm2,0,3.10.2,2026-01-26T18:57:14Z,2026-01-29T03:22:51Z
GHSA-9c48-w39g-hm26,rsa crate has potential panic on a prime being equal to 1,LOW,CVSS:4.0/AV:N/AC:L/AT:N/PR:N/UI:N/VC:N/VI:N/VA:L/SC:N/SI:N/SA:N/E:U,CVE-2026-21895,CWE-703,crates.io,rsa,0,0.9.10,2026-01-06T18:14:08Z,2026-01-08T21:18:57Z
GHSA-9cgq-wp42-4rpq,Gitea does not properly verify authorization when canceling scheduled auto-merges via the web interface,MODERATE,CVSS:4.0/AV:N/AC:L/AT:N/PR:L/UI:N/VC:N/VI:N/VA:L/SC:N/SI:N/SA:N,CVE-2026-20888,CWE-284,Go,github.com/go-gitea/gitea,0,1.25.4,2026-01-23T00:31:16Z,2026-01-23T20:14:41Z
GHSA-9cvc-h2w8-phrp,AWS SDK for .NET V4 adopted defense in depth enhancement for region parameter value,LOW,CVSS:3.1/AV:N/AC:H/PR:N/UI:N/S:U/C:L/I:N/A:N,CVE-2026-22611,CWE-20,NuGet,AWSSDK.Core,4.0.0,4.0.3.3,2026-01-09T18:56:21Z,2026-01-11T14:56:00Z
GHSA-9g95-48c6-r778,Livewire Filemanager does not restrict uploaded file types,HIGH,CVSS:3.1/AV:N/AC:L/PR:N/UI:N/S:U/C:H/I:N/A:N,CVE-2025-14894,CWE-434,Packagist,livewire-filemanager/filemanager,0,,2026-01-16T15:31:24Z,2026-01-20T18:17:02Z
GHSA-9g9p-9gw9-jx7f,Next.js self-hosted applications vulnerable to DoS via Image Optimizer remotePatterns configuration,MODERATE,CVSS:3.1/AV:N/AC:H/PR:N/UI:N/S:U/C:N/I:N/A:H,CVE-2025-59471,CWE-400; CWE-770,npm,next,10.0.0,15.5.10,2026-01-27T19:18:25Z,2026-01-27T19:18:25Z
GHSA-9hvg-qw5q-wqwp,Bagisto SSTI vulnerability in type parameter can lead to RCE,HIGH,CVSS:4.0/AV:N/AC:L/AT:N/PR:H/UI:N/VC:H/VI:H/VA:H/SC:N/SI:N/SA:N/E:P,CVE-2026-21450,CWE-1336,Packagist,bagisto/bagisto,0,2.3.10,2026-01-02T21:56:00Z,2026-01-02T21:56:00Z
GHSA-9jcx-v3wj-wh4m,React Router has unexpected external redirect via untrusted paths,MODERATE,CVSS:3.1/AV:N/AC:L/PR:L/UI:N/S:U/C:N/I:H/A:N,CVE-2025-68470,CWE-601,npm,react-router,6.0.0,6.30.2,2026-01-08T20:48:21Z,2026-01-11T14:54:02Z
GHSA-9m43-p3cx-w8j5,malcontent OCI image pull credential exfiltration via malicious registry token realm,MODERATE,CVSS:3.1/AV:N/AC:L/PR:N/UI:R/S:U/C:H/I:N/A:N,CVE-2026-24845,CWE-522,Go,github.com/chainguard-dev/malcontent,0.10.0,1.20.3,2026-01-29T22:04:24Z,2026-01-31T03:33:30Z
GHSA-9r42-rhw3-2222,Mattermost is vulnerable to CPU exhaustion via crafted HTTP request,LOW,CVSS:3.1/AV:N/AC:H/PR:L/UI:N/S:U/C:N/I:N/A:L,CVE-2025-14822,CWE-407; CWE-770,Go,github.com/mattermost/mattermost-server,10.11.0,10.11.9,2026-01-16T09:31:21Z,2026-02-27T22:05:20Z
GHSA-9r54-q6cx-xmh5,Hono vulnerable to XSS through ErrorBoundary component ,MODERATE,CVSS:3.1/AV:N/AC:H/PR:N/UI:R/S:C/C:L/I:L/A:N,CVE-2026-24771,CWE-79,npm,hono,0,4.11.7,2026-01-28T16:10:22Z,2026-01-28T16:10:22Z
GHSA-9rg3-9pvr-6p27,MONAI has Path Traversal (Zip Slip) in NGC Private Bundle Download,MODERATE,CVSS:3.1/AV:N/AC:H/PR:N/UI:R/S:U/C:N/I:H/A:N,CVE-2026-21851,CWE-22,PyPI,monai,0,1.5.2,2026-01-06T17:32:52Z,2026-01-29T18:23:14Z
GHSA-9rp8-h4g8-8766,Weblate wlc has insecure API key configuration,MODERATE,CVSS:3.1/AV:L/AC:H/PR:L/UI:R/S:C/C:H/I:N/A:N,CVE-2026-22251,CWE-200; CWE-922,PyPI,wlc,0,1.17.0,2026-01-12T18:07:03Z,2026-01-12T20:07:26Z
GHSA-9vj4-wc7r-p844,ImageMagick MSL: Stack overflow via infinite recursion in ProcessMSLScript,MODERATE,CVSS:3.1/AV:L/AC:L/PR:L/UI:N/S:U/C:N/I:N/A:H,CVE-2026-23874,CWE-835,NuGet,Magick.NET-Q8-x64,0,14.10.2,2026-01-21T01:05:23Z,2026-01-21T01:05:23Z
GHSA-9xg7-mwmp-xmjx,Ghost has Staff Token permission bypass,HIGH,CVSS:3.1/AV:N/AC:L/PR:L/UI:N/S:U/C:N/I:H/A:H,CVE-2026-22595,CWE-863,npm,ghost,6.0.0,6.11.0,2026-01-08T21:32:53Z,2026-01-11T14:54:30Z
GHSA-c32p-wcqj-j677,CometBFT has inconsistencies between how commit signatures are verified and how block time is derived,HIGH,CVSS:4.0/AV:N/AC:L/AT:N/PR:L/UI:N/VC:N/VI:H/VA:N/SC:N/SI:N/SA:N,,CWE-703,Go,github.com/cometbft/cometbft,0.38.0-alpha.1,0.38.21,2026-01-23T16:56:23Z,2026-02-27T21:37:55Z
GHSA-c336-7962-wfj2,Dask Distributed is Vulnerable to Remote Code Execution via Jupyter Proxy and Dashboard,MODERATE,CVSS:4.0/AV:N/AC:L/AT:N/PR:N/UI:P/VC:L/VI:L/VA:N/SC:N/SI:N/SA:N,CVE-2026-23528,CWE-250; CWE-79,PyPI,distributed,0,2026.1.0,2026-01-16T16:58:16Z,2026-01-29T02:35:29Z
GHSA-c399-q49h-qwc8,Apache Linkis: Arbitrary File Read via Double URL Encoding Bypass,HIGH,CVSS:3.1/AV:N/AC:L/PR:N/UI:N/S:U/C:H/I:N/A:N,CVE-2025-29847,CWE-177; CWE-20,Maven,org.apache.linkis:linkis,1.3.0,1.8.0,2026-01-19T09:30:27Z,2026-01-21T01:03:19Z
GHSA-c4jr-5q7w-f6r9,SiYuan has Arbitrary File Write via /api/file/copyFile leading to RCE,CRITICAL,CVSS:3.1/AV:N/AC:L/PR:H/UI:N/S:C/C:H/I:H/A:H,CVE-2026-25539,CWE-22,Go,github.com/siyuan-note/siyuan/kernel,0,,2026-01-29T15:15:54Z,2026-02-05T00:36:43Z
GHSA-c5cp-vx83-jhqx,Langflow Missing Authentication on Critical API Endpoints,HIGH,CVSS:4.0/AV:N/AC:L/AT:N/PR:N/UI:N/VC:H/VI:H/VA:N/SC:N/SI:N/SA:N/E:P,CVE-2026-21445,CWE-306,PyPI,langflow-base,0,0.7.1,2026-01-02T21:11:50Z,2026-01-05T01:01:41Z
GHSA-c83v-7274-4vgp,Malicious website can execute commands on the local system through XSS in the OpenCode web UI,CRITICAL,CVSS:4.0/AV:N/AC:L/AT:N/PR:N/UI:P/VC:H/VI:H/VA:H/SC:H/SI:H/SA:H,CVE-2026-22813,CWE-79,npm,opencode-ai,0,1.1.10,2026-01-13T20:36:41Z,2026-01-13T20:36:42Z
GHSA-c9q6-g3hr-8gww,Jervis Has Weak Random for Timing Attack Mitigation,HIGH,CVSS:3.1/AV:N/AC:H/PR:N/UI:N/S:U/C:H/I:N/A:N,CVE-2025-68704,CWE-330,Maven,net.gleske:jervis,0,2.2,2026-01-13T14:55:35Z,2026-01-21T16:23:22Z
GHSA-cc8m-98fm-rc9g,Skipper is vulnerable to arbitrary code execution through lua filters,HIGH,CVSS:3.1/AV:N/AC:L/PR:L/UI:N/S:U/C:H/I:H/A:H,CVE-2026-23742,CWE-250; CWE-522; CWE-94,Go,github.com/zalando/skipper,0,0.23.0,2026-01-16T21:03:34Z,2026-01-16T21:57:03Z
GHSA-ch7p-mpv4-4vg4,CoreShop Vulnerable to SQL Injection via Admin Reports,MODERATE,CVSS:3.1/AV:N/AC:L/PR:H/UI:N/S:U/C:H/I:N/A:N,CVE-2026-22242,CWE-564; CWE-89,Packagist,coreshop/core-shop,0,4.1.8,2026-01-07T19:29:50Z,2026-01-12T20:06:21Z
GHSA-cphf-4846-3xx9,Vert.x Web static handler component cache can be manipulated to deny the access to static files,MODERATE,CVSS:4.0/AV:N/AC:L/AT:N/PR:N/UI:N/VC:N/VI:N/VA:L/SC:N/SI:N/SA:L,CVE-2026-1002,CWE-444,Maven,io.vertx:vertx-core,0,4.5.24,2026-01-15T21:31:48Z,2026-01-16T20:20:55Z
GHSA-cq3j-qj2h-6rv3,Container and Containerization archive extraction does not guard against escapes from extraction base directory.,LOW,CVSS:4.0/AV:L/AC:L/AT:N/PR:L/UI:N/VC:L/VI:L/VA:N/SC:N/SI:N/SA:N/E:P,CVE-2026-20613,CWE-22,SwiftURL,github.com/apple/containerization,0,0.21.0,2026-01-22T22:30:05Z,2026-01-22T22:30:05Z
GHSA-cr3w-cw5w-h3fj,Saltcorn's Reflected XSS and Command Injection vulnerabilities can be chained for 1-click-RCE,CRITICAL,CVSS:3.1/AV:N/AC:L/PR:N/UI:R/S:C/C:H/I:H/A:H,,CWE-77; CWE-79,npm,@saltcorn/server,1.1.1,1.5.0-beta.19,2026-01-26T23:34:49Z,2026-01-26T23:34:49Z
GHSA-crxp-chh4-9ghp,Jervis has Deterministic AES IV Derivation from Passphrase,HIGH,CVSS:3.1/AV:N/AC:L/PR:N/UI:N/S:U/C:H/I:N/A:N,CVE-2025-68701,CWE-327,Maven,net.gleske:jervis,0,2.2,2026-01-13T14:51:58Z,2026-01-21T16:21:22Z
GHSA-cv54-7wv7-qxcw,SiYuan vulnerable to Arbitrary file Read / SSRF,HIGH,CVSS:4.0/AV:N/AC:L/AT:N/PR:N/UI:N/VC:H/VI:L/VA:N/SC:N/SI:N/SA:N/E:P,CVE-2026-23850,CWE-22,Go,github.com/siyuan-note/siyuan/kernel,0,0.0.0-20260118092326-b2274baba2e1,2026-01-21T01:02:00Z,2026-01-21T01:02:00Z
GHSA-cv78-6m8q-ph82,Argo Workflows affected by stored XSS in the artifact directory listing,HIGH,CVSS:4.0/AV:N/AC:H/AT:N/PR:L/UI:A/VC:H/VI:H/VA:H/SC:N/SI:N/SA:N,CVE-2026-23960,CWE-79,Go,github.com/argoproj/argo-workflows/v3,0,3.6.17,2026-01-21T22:00:38Z,2026-01-22T15:39:57Z
GHSA-cw39-r4h6-8j3x,MessagePack for Java Vulnerable to Remote DoS via Malicious EXT Payload Allocation,HIGH,CVSS:3.1/AV:N/AC:L/PR:N/UI:N/S:U/C:N/I:N/A:H,CVE-2026-21452,CWE-400; CWE-789,Maven,org.msgpack:msgpack-core,0,0.9.11,2026-01-05T14:59:12Z,2026-01-05T14:59:12Z
GHSA-cwjm-3f7h-9hwq,Traefik's ACME TLS-ALPN fast path lacks timeouts and close on handshake stall,MODERATE,CVSS:3.1/AV:N/AC:H/PR:N/UI:N/S:U/C:N/I:N/A:H,CVE-2026-22045,CWE-770,Go,github.com/traefik/traefik/v3,0,3.6.7,2026-01-15T22:58:23Z,2026-01-16T15:20:43Z
GHSA-cxrg-g7r8-w69p,Fastify Middie Middleware Path Bypass,HIGH,CVSS:3.1/AV:N/AC:H/PR:L/UI:N/S:C/C:H/I:H/A:L,CVE-2026-22031,CWE-177,npm,@fastify/middie,0,9.1.0,2026-01-20T16:34:50Z,2026-01-20T16:34:50Z
GHSA-f2mf-q878-gh58,Parsl Monitoring Visualization Vulnerable to SQL Injection,MODERATE,CVSS:3.1/AV:N/AC:L/PR:N/UI:N/S:U/C:N/I:N/A:L,CVE-2026-21892,CWE-89,PyPI,parsl,0,2026.01.05,2026-01-06T18:04:21Z,2026-01-08T21:18:52Z
GHSA-f2ph-gc9m-q55f,lakeFS is Missing Timestamp Validation in S3 Gateway Authentication,MODERATE,CVSS:3.1/AV:N/AC:L/PR:N/UI:N/S:U/C:L/I:L/A:N,CVE-2025-68671,CWE-294,Go,github.com/treeverse/lakefs,0,1.75.0,2026-01-15T21:14:55Z,2026-01-16T15:20:36Z
GHSA-f456-rf33-4626,Orval Mock Generation Code Injection via const,HIGH,CVSS:4.0/AV:N/AC:L/AT:P/PR:N/UI:P/VC:H/VI:H/VA:H/SC:N/SI:N/SA:N,CVE-2026-24132,CWE-77; CWE-94,npm,@orval/mock,0,7.20.0,2026-01-22T18:09:13Z,2026-02-27T22:18:34Z
GHSA-f67f-6cw9-8mq4,Hono JWT Middleware's JWT Algorithm Confusion via Unsafe Default (HS256) Allows Token Forgery and Auth Bypass,HIGH,CVSS:3.1/AV:N/AC:L/PR:N/UI:N/S:U/C:L/I:H/A:N,CVE-2026-22817,CWE-347,npm,hono,0,4.11.4,2026-01-13T21:51:44Z,2026-01-13T21:51:45Z
GHSA-f72r-2h5j-7639,SiYuan File Read API Case Sensitivity Bypass can Lead to Path Traversal,HIGH,CVSS:3.1/AV:N/AC:L/PR:N/UI:N/S:U/C:H/I:N/A:N,CVE-2026-25992,CWE-178; CWE-22; CWE-426,Go,github.com/siyuan-note/siyuan/kernel,0,,2026-01-28T23:00:57Z,2026-02-10T19:56:53Z
GHSA-f8cm-6447-x5h2,jsPDF has Local File Inclusion/Path Traversal vulnerability,CRITICAL,CVSS:4.0/AV:N/AC:L/AT:N/PR:N/UI:N/VC:H/VI:N/VA:N/SC:H/SI:N/SA:N,CVE-2025-68428,CWE-22; CWE-35; CWE-73,npm,jspdf,0,4.0.0,2026-01-05T17:35:29Z,2026-01-06T15:51:57Z
GHSA-f8r6-6222-9pvc,Apache Kyuubi Server vulnerable to Path Traversal,HIGH,CVSS:4.0/AV:N/AC:L/AT:P/PR:L/UI:P/VC:H/VI:H/VA:L/SC:H/SI:H/SA:L,CVE-2025-66518,CWE-22; CWE-27,Maven,org.apache.kyuubi:kyuubi-server_2.12,1.6.0,1.10.3,2026-01-05T09:30:19Z,2026-01-05T19:57:06Z
GHSA-fccg-7w3p-w66f,Nu Html Checker (vnu) contains a Server-Side Request Forgery (SSRF) vulnerability,MODERATE,CVSS:4.0/AV:N/AC:L/AT:N/PR:N/UI:N/VC:N/VI:N/VA:N/SC:L/SI:N/SA:N/E:P,CVE-2025-15104,CWE-918,Maven,nu.validator:validator,0,,2026-01-16T15:31:25Z,2026-01-16T19:57:33Z
GHSA-fcqj-76g3-q7qm,Bio-Formats has an XML External Entity (XXE) vulnerability,MODERATE,CVSS:3.1/AV:L/AC:L/PR:N/UI:R/S:U/C:H/I:N/A:H,CVE-2026-22186,CWE-611,Maven,ome:pom-bio-formats,0,,2026-01-07T21:31:56Z,2026-03-19T21:06:48Z
GHSA-fcv2-xgw5-pqxf,sigstore legacy TUF client allows for arbitrary file writes with target cache path traversal,MODERATE,CVSS:3.1/AV:N/AC:H/PR:H/UI:N/S:C/C:N/I:H/A:N,CVE-2026-24137,CWE-22,Go,github.com/sigstore/sigstore,0,1.10.4,2026-01-22T20:28:56Z,2026-02-27T21:37:24Z
GHSA-ffj4-jq7m-9g6v,GuardDog Zip Bomb Vulnerability in safe_extract() Allows DoS,HIGH,CVSS:4.0/AV:N/AC:L/AT:N/PR:N/UI:P/VC:N/VI:N/VA:H/SC:N/SI:N/SA:N,CVE-2026-22870,CWE-409,PyPI,guarddog,0,2.7.1,2026-01-13T21:54:41Z,2026-01-13T21:54:42Z
GHSA-fg6f-75jq-6523,Authlib has 1-click Account Takeover vulnerability,MODERATE,CVSS:3.1/AV:N/AC:L/PR:L/UI:R/S:U/C:H/I:N/A:N,CVE-2025-68158,CWE-352,PyPI,authlib,0,1.6.6,2026-01-08T22:40:56Z,2026-03-10T19:40:39Z
GHSA-fh55-r93g-j68g,AIOHTTP Vulnerable to Cookie Parser Warning Storm,LOW,CVSS:4.0/AV:N/AC:L/AT:N/PR:N/UI:N/VC:N/VI:L/VA:L/SC:N/SI:N/SA:N/E:U,CVE-2025-69230,CWE-779,PyPI,aiohttp,0,3.13.3,2026-01-05T23:13:46Z,2026-01-06T16:07:02Z
GHSA-fpf5-w967-rr2m,Signal K Server Vulnerable to Unauthenticated Information Disclosure via Exposed Endpoints,MODERATE,CVSS:3.1/AV:N/AC:L/PR:N/UI:N/S:U/C:L/I:N/A:N,CVE-2025-68273,CWE-200,npm,signalk-server,0,2.19.0,2026-01-02T15:22:11Z,2026-01-02T15:22:11Z
GHSA-fphv-w9fq-2525,go-tuf improperly validates the configured threshold for delegations,MODERATE,CVSS:3.1/AV:N/AC:H/PR:N/UI:N/S:U/C:N/I:H/A:N,CVE-2026-23992,CWE-347,Go,github.com/theupdateframework/go-tuf/v2,0,2.3.1,2026-01-21T16:19:32Z,2026-01-22T15:43:46Z
GHSA-fq56-hvg6-wvm5,Signal K Server vulnerable to JWT Token Theft via WebSocket Enumeration and Unauthenticated Polling,CRITICAL,CVSS:3.1/AV:N/AC:L/PR:N/UI:N/S:U/C:H/I:H/A:N,CVE-2025-68620,CWE-288,npm,signalk-server,0,2.19.0,2026-01-02T15:28:54Z,2026-01-02T15:28:55Z
GHSA-fqcv-8859-86x2,CoreShop Vulnerable to SQL Injection via Admin customer-company-modifier,MODERATE,CVSS:4.0/AV:N/AC:L/AT:N/PR:H/UI:N/VC:H/VI:N/VA:N/SC:N/SI:N/SA:N,CVE-2026-23959,CWE-564,Packagist,coreshop/core-shop,0,4.1.9,2026-01-21T16:13:12Z,2026-01-22T15:43:07Z
GHSA-fr4j-65pv-gjjj,Renovate vulnerable to arbitrary command injection via npm manager and malicious Renovate configuration,MODERATE,CVSS:3.1/AV:L/AC:L/PR:H/UI:N/S:U/C:H/I:H/A:H,,CWE-77,npm,renovate,35.63.0,40.33.0,2026-01-13T20:28:16Z,2026-01-13T20:28:16Z
GHSA-frpp-8pwq-hjrx,Hibernate Reactive Vulnerable to DoS via Connection Pool Exhaustion,MODERATE,CVSS:3.1/AV:N/AC:L/PR:L/UI:N/S:U/C:N/I:N/A:L,CVE-2025-14969,CWE-772,Maven,org.hibernate.reactive:hibernate-reactive-core,0,4.2.1,2026-01-26T21:30:36Z,2026-02-05T15:31:09Z
GHSA-g22f-v6f7-2hrh,Langflow affected by Remote Code Execution via validate_code() exec(),HIGH,CVSS:4.0/AV:N/AC:L/AT:N/PR:N/UI:N/VC:H/VI:H/VA:H/SC:N/SI:N/SA:N/E:P,CVE-2026-0770,CWE-829,PyPI,langflow,0,,2026-01-23T06:31:24Z,2026-02-19T22:09:30Z
GHSA-g268-72p7-9j6j,Spree API has Authenticated Insecure Direct Object Reference (IDOR) via Order Modification,MODERATE,CVSS:3.1/AV:N/AC:L/PR:L/UI:N/S:U/C:H/I:N/A:N,CVE-2026-22588,CWE-639,RubyGems,spree_api,3.7.0,4.10.2,2026-01-08T21:27:03Z,2026-01-11T14:57:07Z
GHSA-g2pg-6438-jwpf,devalue vulnerable to denial of service due to memory/CPU exhaustion in devalue.parse,HIGH,CVSS:3.1/AV:N/AC:L/PR:N/UI:N/S:U/C:N/I:N/A:H,CVE-2026-22775,CWE-405,npm,devalue,5.1.0,5.6.2,2026-01-15T22:15:18Z,2026-01-15T22:15:18Z
GHSA-g4w6-c99w-4wh7,BrowserStack Local vulnerable to Command Injection through logfile variable,MODERATE,CVSS:4.0/AV:N/AC:L/AT:P/PR:H/UI:N/VC:H/VI:H/VA:H/SC:N/SI:N/SA:N/E:P,CVE-2025-57283,CWE-77,npm,browserstack-local,0,1.5.9,2026-01-28T18:30:47Z,2026-02-27T16:40:19Z
GHSA-g59m-gf8j-gjf5,AWS SDK for Rust v1 adopted defense in depth enhancement for region parameter value,LOW,CVSS:3.1/AV:N/AC:H/PR:N/UI:N/S:U/C:L/I:N/A:N,,CWE-20,crates.io,aws-sdk-accessanalyzer,0,1.96.0,2026-01-08T21:46:19Z,2026-01-08T21:46:23Z
GHSA-g5gc-h5hp-555f,Mass Assignment in AdonisJS Lucid Allows Overwriting Internal ORM State,HIGH,CVSS:4.0/AV:N/AC:L/AT:P/PR:N/UI:N/VC:N/VI:H/VA:N/SC:N/SI:N/SA:N,CVE-2026-22814,CWE-915,npm,@adonisjs/lucid,0,21.8.2,2026-01-13T20:37:09Z,2026-01-13T21:41:38Z
GHSA-g6q3-96cp-5r5m,@fastify/express vulnerable to Improper Handling of URL Encoding (Hex Encoding),HIGH,CVSS:3.1/AV:N/AC:H/PR:L/UI:N/S:C/C:H/I:H/A:L,CVE-2026-22037,CWE-177; CWE-288,npm,@fastify/express,0,4.0.3,2026-01-20T16:35:21Z,2026-01-20T16:35:21Z
GHSA-g84x-mcqj-x9qq,AIOHTTP vulnerable to DoS through chunked messages,MODERATE,CVSS:4.0/AV:N/AC:L/AT:N/PR:N/UI:N/VC:N/VI:N/VA:H/SC:N/SI:N/SA:N/E:U,CVE-2025-69229,CWE-770,PyPI,aiohttp,0,3.13.3,2026-01-05T23:13:29Z,2026-01-06T16:06:58Z
GHSA-g9mf-h72j-4rw9,Undici has an unbounded decompression chain in HTTP responses on Node.js Fetch API via Content-Encoding leads to resource exhaustion,MODERATE,CVSS:3.1/AV:N/AC:H/PR:N/UI:N/S:U/C:N/I:N/A:H,CVE-2026-22036,CWE-770,npm,undici,7.0.0,7.18.2,2026-01-14T21:06:08Z,2026-01-22T20:17:07Z
GHSA-gcgx-chcp-hxp9,Gakido vulnerable to HTTP Header Injection (CRLF Injection) ,MODERATE,CVSS:3.1/AV:N/AC:L/PR:N/UI:N/S:U/C:N/I:L/A:N,CVE-2026-24489,CWE-113; CWE-93,PyPI,gakido,0,0.1.1,2026-01-26T23:29:57Z,2026-01-29T03:25:02Z
GHSA-gch2-phqh-fg9q,Orval has Code Injection via unsanitized x-enum-descriptions using JS comments,CRITICAL,CVSS:4.0/AV:N/AC:L/AT:N/PR:N/UI:N/VC:H/VI:H/VA:H/SC:N/SI:N/SA:N,CVE-2026-25141,CWE-84; CWE-94,npm,@orval/core,7.19.0,7.21.0,2026-01-30T21:17:25Z,2026-01-31T03:54:21Z
GHSA-gf2c-jwcj-x929,vlt Mishandles Path Sanitization for tar,MODERATE,CVSS:3.1/AV:L/AC:H/PR:N/UI:N/S:C/C:N/I:H/A:N,CVE-2026-24909,CWE-23,npm,@vltpkg/tar,0,1.0.0-rc.10,2026-01-28T00:31:42Z,2026-01-28T16:48:36Z
GHSA-gfpw-jgvr-cw4j,Fleet Windows MDM endpoint has a Cross-site Scripting vulnerability,MODERATE,CVSS:4.0/AV:N/AC:L/AT:P/PR:L/UI:P/VC:N/VI:N/VA:N/SC:H/SI:H/SA:H,CVE-2026-22808,CWE-79,Go,github.com/fleetdm/fleet,4.78.0,4.78.2,2026-01-20T20:52:17Z,2026-01-22T15:38:41Z
GHSA-gg4x-fgg2-h9w9,Bypassing Kyverno Policies via Double Policy Exceptions,CRITICAL,CVSS:3.1/AV:A/AC:L/PR:L/UI:N/S:C/C:H/I:H/A:H,,CWE-284,Go,github.com/kyverno/kyverno,1.9.0,1.13.0,2026-01-06T18:00:16Z,2026-01-06T18:00:16Z
GHSA-ggff-9mj3-7246,mailqueue TYPO3 extension affected by Insecure Deserialization in QueueableFileTransport,MODERATE,CVSS:4.0/AV:L/AC:L/AT:P/PR:L/UI:N/VC:N/VI:L/VA:N/SC:H/SI:H/SA:H,CVE-2026-0895,CWE-502,Packagist,cpsit/typo3-mailqueue,0,0.4.3,2026-01-21T15:47:44Z,2026-01-22T15:52:09Z
GHSA-gjqq-6r35-w3r8,Arcane Has a Command Injection in Arcane Updater Lifecycle Labels That Enables RCE,CRITICAL,CVSS:3.1/AV:N/AC:L/PR:L/UI:R/S:C/C:H/I:H/A:H,CVE-2026-23520,CWE-78,Go,github.com/getarcaneapp/arcane/backend,0,0.0.0-20260114065515-5a9c2f92e11f,2026-01-15T20:10:11Z,2026-01-15T22:33:55Z
GHSA-gjrp-xgmh-x9qq,Ghost has SQL Injection in Members Activity Feed,MODERATE,CVSS:3.1/AV:N/AC:L/PR:H/UI:N/S:U/C:H/I:H/A:L,CVE-2026-22596,CWE-89,npm,ghost,6.0.0,6.11.0,2026-01-08T21:36:37Z,2026-01-11T14:54:35Z
GHSA-gpx9-96j6-pp87,TaskWeaver has Protection Mechanism Failure and Server-Side Request Forgery (SSRF),MODERATE,CVSS:3.1/AV:N/AC:H/PR:N/UI:N/S:C/C:L/I:L/A:L,,CWE-693; CWE-918,PyPI,agentos-taskweaver,0,,2026-01-28T15:49:40Z,2026-01-28T15:49:40Z
GHSA-grg2-63fw-f2qr,vLLM is vulnerable to DoS in Idefics3 vision models via image payload with ambiguous dimensions,MODERATE,CVSS:3.1/AV:N/AC:L/PR:L/UI:N/S:U/C:N/I:N/A:H,CVE-2026-22773,CWE-770,PyPI,vllm,0.6.4,0.12.0,2026-01-13T18:44:15Z,2026-01-13T18:44:15Z
GHSA-gv6q-2m97-882h,Ghost vulnerable to XSS via malicious Portal preview links,HIGH,CVSS:3.1/AV:N/AC:L/PR:N/UI:R/S:U/C:H/I:H/A:H,CVE-2026-24778,CWE-79,npm,ghost,5.43.0,5.121.0,2026-01-28T16:11:59Z,2026-01-28T16:12:00Z
GHSA-gv94-wp4h-vv8p,Keycloak has Incorrect Behavior Order: Authorization Before Parsing and Canonicalization,MODERATE,CVSS:3.1/AV:N/AC:L/PR:N/UI:N/S:U/C:N/I:L/A:N,CVE-2026-0707,CWE-551,Maven,org.keycloak:keycloak-parent,0,,2026-01-08T06:31:32Z,2026-03-05T21:30:25Z
GHSA-gvq6-hvvp-h34h,AdonisJS Path Traversal in Multipart File Handling,CRITICAL,CVSS:4.0/AV:N/AC:L/AT:P/PR:N/UI:N/VC:H/VI:H/VA:H/SC:N/SI:N/SA:N,CVE-2026-21440,CWE-22,npm,@adonisjs/bodyparser,0,10.1.2,2026-01-02T18:58:32Z,2026-01-03T00:32:09Z
GHSA-gw2x-q739-qhcr,RustFS gRPC GetMetrics deserialization panic enables remote DoS,MODERATE,CVSS:4.0/AV:N/AC:L/AT:N/PR:N/UI:N/VC:N/VI:N/VA:L/SC:N/SI:N/SA:N/E:P,CVE-2025-69255,CWE-755,crates.io,rustfs,1.0.0-alpha.13,1.0.0-alpha.78,2026-01-07T18:36:23Z,2026-01-07T21:34:37Z
GHSA-gw32-9rmw-qwww,svelte is vulnerable to XSS with textarea bind:value,HIGH,CVSS:4.0/AV:N/AC:L/AT:N/PR:N/UI:A/VC:H/VI:L/VA:N/SC:H/SI:H/SA:N,,CWE-79,npm,svelte,3.0.0,3.59.2,2026-01-16T21:02:56Z,2026-01-16T21:02:56Z
GHSA-gxp5-mv27-vjcj,Jervis's AES CBC Mode is Without Authentication,HIGH,CVSS:3.1/AV:N/AC:L/PR:N/UI:N/S:U/C:N/I:H/A:N,CVE-2025-68931,CWE-287; CWE-327,Maven,net.gleske:jervis,0,2.2,2026-01-13T14:56:49Z,2026-01-21T16:23:42Z
GHSA-gxxc-m74c-f48x,October CMS Vulnerable to Stored XSS via Editor and Branding Styles,MODERATE,CVSS:3.1/AV:N/AC:L/PR:H/UI:R/S:U/C:H/I:H/A:N,CVE-2025-61674,CWE-79,Packagist,october/system,0,3.7.13,2026-01-09T18:12:58Z,2026-01-11T14:55:29Z
GHSA-h25m-26qc-wcjf,Next.js HTTP request deserialization can lead to DoS when using insecure React Server Components,HIGH,CVSS:3.1/AV:N/AC:L/PR:N/UI:N/S:U/C:N/I:N/A:H,,CWE-400; CWE-502,npm,next,13.0.0,15.0.8,2026-01-28T15:38:01Z,2026-01-28T15:38:01Z
GHSA-h3hw-29fv-2x75,@envelop/graphql-modules has a Race Condition vulnerability,HIGH,CVSS:4.0/AV:N/AC:L/AT:N/PR:N/UI:N/VC:N/VI:H/VA:N/SC:N/SI:N/SA:N,,CWE-362,npm,@envelop/graphql-modules,0,9.1.0,2026-01-21T16:36:27Z,2026-01-29T03:50:11Z
GHSA-h4rf-624j-gj33,terminal-controller-mcp vulnerable to Command Injection,CRITICAL,CVSS:3.1/AV:N/AC:L/PR:N/UI:N/S:C/C:H/I:H/A:H,CVE-2025-61492,CWE-77,PyPI,terminal-controller,0,,2026-01-07T18:30:26Z,2026-01-08T17:32:50Z
GHSA-h4rm-mm56-xf63,"Fickling vulnerable to detection bypass due to ""builtins"" blindness",HIGH,CVSS:4.0/AV:N/AC:L/AT:N/PR:N/UI:N/VC:H/VI:H/VA:H/SC:N/SI:N/SA:N/E:P,CVE-2026-22612,CWE-502,PyPI,fickling,0,0.1.7,2026-01-09T22:29:02Z,2026-01-11T14:55:18Z
GHSA-h526-wf6g-67jv,Orval has a code injection via unsanitized x-enum-descriptions in enum generation,CRITICAL,CVSS:4.0/AV:N/AC:L/AT:N/PR:N/UI:N/VC:H/VI:H/VA:H/SC:N/SI:N/SA:N,CVE-2026-23947,CWE-77; CWE-94,npm,@orval/core,8.0.0-rc.0,8.0.2,2026-01-21T01:01:13Z,2026-01-21T17:08:30Z
GHSA-h5cw-625j-3rxh,React Router has CSRF issue in Action/Server Action Request Processing,MODERATE,CVSS:3.1/AV:N/AC:L/PR:N/UI:R/S:U/C:N/I:H/A:N,CVE-2026-22030,CWE-346; CWE-352,npm,react-router,7.0.0,7.12.0,2026-01-08T20:57:09Z,2026-01-11T14:54:18Z
GHSA-h5qv-qjv4-pc5m,Unfurl's unbounded zlib decompression allows decompression bomb DoS,MODERATE,,,CWE-400; CWE-409,PyPI,dfir-unfurl,0,,2026-01-29T15:31:30Z,2026-01-29T15:31:30Z
GHSA-h66j-xm43-47pp,Umbraco CMS contains a server-side request forgery vulnerability,MODERATE,CVSS:3.1/AV:N/AC:L/PR:N/UI:N/S:U/C:N/I:L/A:N,CVE-2021-47776,CWE-918,NuGet,UmbracoCms,,,2026-01-15T18:31:32Z,2026-01-15T22:39:22Z
GHSA-hcp2-x6j4-29j7,RustCrypto: Signatures has timing side-channel in ML-DSA decomposition,MODERATE,CVSS:3.1/AV:A/AC:H/PR:L/UI:N/S:U/C:H/I:H/A:N,CVE-2026-22705,CWE-1240,crates.io,ml-dsa,0,0.1.0-rc.2,2026-01-13T15:10:03Z,2026-01-29T03:41:14Z
GHSA-hcx3-3q5c-r5v6,jsonrpc4j has Infinite Loop in RPC Stream Writer ,MODERATE,CVSS:4.0/AV:N/AC:L/AT:N/PR:N/UI:P/VC:L/VI:L/VA:L/SC:N/SI:N/SA:L/AU:Y/R:A/V:D/RE:M/U:Amber,CVE-2026-24802,CWE-835,Maven,com.github.briandilley.jsonrpc4j:jsonrpc4j,0,1.7.0,2026-01-27T09:30:30Z,2026-01-28T15:49:27Z
GHSA-hgr3-x44x-33hx,Gitea has improper access control for uploaded attachments,LOW,CVSS:4.0/AV:N/AC:L/AT:P/PR:L/UI:N/VC:N/VI:N/VA:L/SC:N/SI:N/SA:N,CVE-2026-20736,CWE-284,Go,code.gitea.io/gitea,0,1.25.4,2026-01-23T00:31:16Z,2026-01-23T20:11:37Z
GHSA-hj76-42vx-jwp4,seroval Affected by Prototype Pollution via JSON Deserialization,HIGH,CVSS:3.1/AV:N/AC:L/PR:N/UI:N/S:U/C:L/I:L/A:L,CVE-2026-23736,CWE-1321,npm,seroval,0,1.4.1,2026-01-21T15:41:14Z,2026-01-22T15:39:43Z
GHSA-hjr9-wj7v-7hv8,Sliver Vulnerable to Pre-Auth Memory Exhaustion via NoEncoder Bypass,MODERATE,CVSS:4.0/AV:N/AC:L/AT:N/PR:N/UI:N/VC:N/VI:N/VA:L/SC:N/SI:N/SA:N/E:P,,CWE-770,Go,github.com/bishopfox/sliver,1.5.0,,2026-01-05T19:43:06Z,2026-01-05T19:43:06Z
GHSA-hm5p-82g6-m3xh,Umbraco.Forms has Path Traversal and File Enumeration Vulnerabilities in Linux/Mac,MODERATE,CVSS:4.0/AV:N/AC:L/AT:P/PR:L/UI:N/VC:H/VI:N/VA:N/SC:N/SI:N/SA:N,CVE-2026-24687,CWE-22,NuGet,Umbraco.Forms,16.0.0,16.4.1,2026-01-30T14:43:18Z,2026-01-30T14:43:18Z
GHSA-hm8f-75xx-w2vr,sigstore CSRF possibility in OIDC authentication during signing,LOW,CVSS:3.1/AV:N/AC:H/PR:N/UI:R/S:U/C:N/I:N/A:N,CVE-2026-24408,CWE-352,PyPI,sigstore,0,4.2.0,2026-01-26T21:34:50Z,2026-01-29T03:24:33Z
GHSA-hm9j-cgmm-2w36,Aimeos contains a SQL injection vulnerability in the json api 'sort' parameter,HIGH,CVSS:3.1/AV:N/AC:L/PR:N/UI:N/S:U/C:H/I:L/A:N,CVE-2021-47763,CWE-89,Packagist,aimeos/aimeos-laravel,,,2026-01-15T18:31:30Z,2026-01-15T22:38:52Z
GHSA-hpwg-xg7m-3p6m,sm-crypto Affected by Signature Forgery in SM2-DSA,HIGH,CVSS:3.1/AV:N/AC:L/PR:N/UI:N/S:U/C:N/I:H/A:N,CVE-2026-23965,CWE-347,npm,sm-crypto,0,0.4.0,2026-01-21T16:13:44Z,2026-01-22T15:43:29Z
GHSA-hqf9-8xv5-x8xw,"ERC7984ERC20Wrapper: once a wrapper is filled, subsequent wrap requests do not revert and result in loss of funds.",MODERATE,CVSS:4.0/AV:N/AC:L/AT:N/PR:N/UI:N/VC:N/VI:H/VA:N/SC:N/SI:N/SA:N/E:U,,CWE-190,npm,@openzeppelin/confidential-contracts,0,0.3.1,2026-01-05T19:57:46Z,2026-01-05T19:57:46Z
GHSA-hqrp-m84v-2m2f,"Pimcore's Admin Classic Bundle is Missing Function Level Authorization on ""Predefined Properties"" Listing",MODERATE,CVSS:3.1/AV:N/AC:L/PR:L/UI:N/S:U/C:L/I:N/A:N,CVE-2026-23495,CWE-284,Packagist,pimcore/admin-ui-classic-bundle,2.0.0-RC1,2.2.3,2026-01-15T18:13:26Z,2026-01-15T20:17:53Z
GHSA-hrvf-g648-rf3m,PlantUML is vulnerable to Stored XSS due to insufficient sanitization of interactive attributes in GraphViz diagrams,LOW,CVSS:3.1/AV:N/AC:L/PR:N/UI:R/S:C/C:L/I:L/A:N,CVE-2026-0858,CWE-79,Maven,net.sourceforge.plantuml:plantuml,0,1.2026.0,2026-01-16T06:30:15Z,2026-01-16T20:45:39Z
GHSA-hx9m-jf43-8ffr,seroval affected by Denial of Service via RegExp serialization,HIGH,CVSS:3.1/AV:N/AC:L/PR:N/UI:N/S:U/C:N/I:N/A:H,CVE-2026-23956,CWE-1333,npm,seroval,0,1.4.1,2026-01-21T16:57:06Z,2026-01-22T15:43:55Z